energy,jerk,torque_changes,vfe,kld,bs,un,ig,vfe_squared
175.7353060639025,8670.919596436754,488788.40508743835,314.82377564907074,74.5061614215374,59.88922108709812,165.06042110919952,134.39538250863552,99114.00971393642
175.90174333267063,8866.354417876208,487725.40220495564,318.41342437267303,75.89325362443924,61.314451053738594,165.3246192932129,137.20770467817783,101387.10882073197
175.42027343902427,8769.618246754646,478269.44679669227,312.5929399728775,73.2884995341301,58.769866183400154,165.01966416835785,132.05836571753025,97714.346120887
176.76362673828137,8596.69654230416,491179.7266006573,312.0693554878235,73.94576478004456,58.951342046260834,164.7613686323166,132.8971068263054,97387.28263458554
170.26172183344516,8112.126395036333,454213.5184721036,313.7390105724335,73.29929074645042,59.05449555814266,165.23422729969025,132.3537863045931,98432.16675496953
196.66984846051815,9426.721368182161,583506.0073519313,316.33734226226807,73.71695971488953,59.164824202656746,165.4100375175476,132.88178391754627,100069.31410955533
174.21491264647136,8974.397257885392,509481.3272096897,314.422723531723,73.62588682770729,59.523714408278465,165.19016540050507,133.14960123598576,98861.64907310632
198.34312433449728,9058.445000894662,573193.0573938867,318.1824063062668,75.66201232373714,60.70039588212967,165.2974259853363,136.3624082058668,101240.04368284624
175.94025042271315,9332.583134446475,474176.646337263,321.57321548461914,75.31899969279766,61.96182311326265,165.9893387556076,137.2808228060603,103409.3329171173
176.91551795539098,9953.572769561697,476489.3636208458,324.6404764652252,74.59843757748604,61.511368446052074,166.65578997135162,136.1098060235381,105391.43895956845
156.85302855113673,7322.315971716088,412878.8448852648,307.3673712015152,74.7835069745779,58.90666504204273,163.8340048789978,133.69017201662064,94474.70087933003
187.63898314168358,8726.793770554206,545831.8728276823,315.30151641368866,73.75563529133797,58.942670077085495,165.29825794696808,132.69830536842346,99415.04625277159
207.37464755781497,11407.485310761995,607695.9184324831,333.197239279747,77.52972856163979,64.49750463664532,167.1719570159912,142.0272331982851,111020.40026364499
143.5928465756461,7515.260455748034,326922.9759147147,313.58874917030334,74.12876398861408,60.59924782067537,165.0225899219513,134.72801180928946,98337.90360619542
243.63356013002596,9563.46434470717,793849.0992740951,331.8580676317215,75.25712861120701,62.464214846491814,167.55527293682098,137.72134345769882,110129.77705226024
148.6501515006805,6672.604950746078,390521.28769689304,307.4344928264618,70.50928729772568,57.10203321278095,164.8065425157547,127.61132051050663,94515.9673794638
234.38776360517306,13507.007088329248,661406.9644219154,337.1153407096863,73.77047616243362,61.80389632284641,168.48854339122772,135.57437248528004,113646.75294180786
261.42765398577643,13235.55845269685,804751.1433981493,331.77035641670227,74.9327354580164,60.945355877280235,167.31208610534668,135.87809133529663,110071.56939686566
125.88773208187958,5080.118232339912,280098.61295760114,299.21700620651245,70.96799781918526,55.46841272711754,163.39290952682495,126.4364105463028,89530.8168031881
179.86771295006312,10218.392460168607,454601.1655593416,326.31604385375977,73.82416115701199,60.4171577244997,166.79686498641968,134.2413188815117,106482.16047636887
196.72642395464794,8399.78078428787,622971.9312444122,326.8144633769989,70.36602240800858,59.84430052340031,167.94313836097717,130.21032293140888,106807.69347239575
175.34594305111264,11058.367150890435,524020.4968633987,327.4596964120865,71.46856901049614,61.075493693351746,167.6020416021347,132.54406270384789,107229.85277429585
203.7485414002535,8135.718058384365,792768.5207771686,308.5561935901642,66.32838316261768,52.68417435139418,165.57543873786926,119.01255751401186,95206.92460285088
199.22375696742435,9959.015363594579,529963.3862237355,315.7834895849228,74.63996887207031,59.49699284136295,165.19416046142578,134.13696171343327,99719.21229443104
242.6617953691873,12768.365971572937,730927.5742427271,334.2695951461792,72.22001038491726,58.72237257659435,168.02799141407013,130.9423829615116,111736.16223919055
256.9235771577444,9538.209990463896,644940.4217642191,341.9588146209717,83.26965793967247,66.9579835832119,167.1732405424118,150.22764152288437,116935.83089698007
351.90191933620594,16205.21621869578,1221661.5408257812,336.9185413122177,72.25608582794666,58.69309215992689,168.25822639465332,130.94917798787355,113514.10347995255
272.2640506419891,10786.633258119586,800741.0737779744,339.6962207555771,77.26970866322517,65.49975049495697,168.46620047092438,142.76945915818214,115393.52239562177
202.708603052105,9793.483454720317,655232.333118334,329.61601650714874,73.44780558347702,62.02630640566349,167.8149185180664,135.4741119891405,108646.71833804096
163.681864150271,8027.8857716093835,445536.72145307634,329.36803102493286,73.80910570919514,62.313002206385136,167.67251241207123,136.12210791558027,108483.29986124113
228.04788628291314,11362.221005421132,468842.6652989389,352.7680684328079,77.79099616408348,68.09521161019802,170.2606986761093,145.8862077742815,124445.31010581425
220.9794706999061,8351.269481448307,633833.2221081639,340.7423038482666,75.18523049354553,63.94141632318497,169.22408831119537,139.1266468167305,116105.31763182444
122.0484304511123,10838.242328766406,287705.06969225284,311.35188579559326,68.5864356905222,55.46977413445711,165.3267707824707,124.0562098249793,96939.99678847216
250.10256853577573,12250.6276198778,794452.8461837424,334.50761008262634,72.3601665943861,59.90383614599705,167.71576309204102,132.26400274038315,111895.34120319039
191.43700114661274,9820.671280793458,620451.6686931535,347.2231341600418,73.99687515199184,63.665921464562416,170.26375138759613,137.66279661655426,120563.90489592239
232.21359397534883,9738.161226444272,642939.6423293966,350.50400745868683,73.84950056672096,65.14032239466906,170.59384906291962,138.98982296139002,122853.0592445992
230.47397695290513,14281.653270655594,654998.5640400735,344.90287137031555,71.85924932360649,60.35683184862137,169.56960606575012,132.21608117222786,118957.99067948843
122.87595175122905,8736.375571105023,281725.28593635326,315.83291923999786,70.77956452965736,56.376640267670155,165.53511464595795,127.15620479732752,99750.43287565901
302.36470967845133,13130.132527871698,864442.4210011401,346.6510422229767,75.26825720071793,60.831773832440376,168.73983669281006,136.1000310331583,120166.94507427597
311.0965356971574,13598.59291852528,572609.7928298349,354.0109838247299,80.4852497279644,68.67144203186035,169.67053353786469,149.15669175982475,125323.77666855318
249.52438826021762,8489.87436373054,860042.0977759795,313.79517579078674,66.21516175568104,53.777926586568356,165.95641112327576,119.9930883422494,98467.41234957076
156.28378967118508,10348.011783721828,416598.8692521128,339.0499610900879,70.89653752744198,64.0714455395937,169.59326720237732,134.96798306703568,114954.87611519011
308.6932491905372,11331.770108070554,1061926.6181712698,326.6129803657532,71.89428190886974,58.113178849220276,166.94726765155792,130.00746075809002,106676.03894339986
218.45641778413912,16178.072890205302,515271.00926099916,365.87784254550934,69.55663749575615,59.21013355255127,171.8691475391388,128.76677104830742,133866.59566575653
228.08784253198016,8922.198313066716,707177.5968721343,329.7483971118927,69.42955783009529,55.30994491279125,167.20835864543915,124.73950274288654,108734.0053978625
228.39655487781675,8627.086704072217,915903.9598024936,313.69638645648956,63.18862971663475,51.12434880435467,166.04164457321167,114.31297852098942,98405.42287585925
174.82582573587055,4929.874087222605,364294.576670978,307.8570020198822,74.51852345466614,59.24993608891964,164.0286637544632,133.76845954358578,94775.93369266976
391.5584352544761,18267.209377046274,809455.9276988561,375.5714930295944,79.84903362393379,67.73648492991924,172.03134047985077,147.58551855385303,141053.94637647868
586.6876182283983,27256.264756412813,1167850.206583702,440.36761462688446,81.88932214677334,73.28249987959862,179.9322806596756,155.17182202637196,193923.63601217224
497.56119140296374,23141.761555714198,1754642.749107547,370.381774187088,74.2174676656723,62.83318464457989,171.88777351379395,137.0506523102522,137182.65864997506
157.13441522582983,11517.958847371861,245117.2047179258,343.2832280397415,71.68148739635944,59.352903708815575,168.57677853107452,131.03439110517502,117843.37465338518
318.99295304635496,12536.522835466762,1126963.7984654407,332.74469459056854,69.96566937863827,56.96822967380285,167.73978662490845,126.93389905244112,110719.03177817073
408.2774237575142,14583.154249457803,1479141.2615610647,336.2335058450699,73.56984589993954,60.462453313171864,167.91708397865295,134.0322992131114,113052.97045286665
336.79751142061843,20539.027561088813,836751.2873282572,391.91480219364166,84.6462232619524,72.97476693987846,173.2701197862625,157.62099020183086,153597.21217848128
295.48011335963434,28831.548871662326,832882.4665792888,371.05990183353424,73.05463890731335,62.46219416707754,172.0968290567398,135.5168330743909,137685.45074871206
352.2030820906582,16110.107145755348,828093.2015028795,403.3756148815155,78.2347571849823,72.19711321592331,177.00158202648163,150.4318704009056,162711.88668104072
201.63831811946338,8216.667274838212,599574.7152132946,341.1464493274689,68.65593029558659,57.688398629426956,170.43420314788818,126.34432892501354,116380.89988873928
446.85713797593525,17917.541188050815,1122200.0375800028,377.1146870851517,72.49487426877022,63.60735534131527,173.11225140094757,136.1022296100855,142215.48721533187
540.2504565743109,24861.35906587915,1380500.8820367183,389.3858565092087,72.62113636732101,62.819946222007275,174.3058763742447,135.4410825893283,151621.34524941005
202.1743577848075,9919.727040542406,301090.4836185621,359.5662556886673,78.80998001992702,68.2348668128252,171.09173822402954,147.04484683275223,129287.89222996807
578.3891077855803,24119.163473042317,2200716.0675693057,358.2831802368164,72.62192796170712,60.54268401861191,169.94819843769073,133.16461198031902,128366.83724060707
219.16542470363626,7924.119023858455,311919.2572018443,301.97996258735657,68.89476235210896,54.08973082154989,164.3069442510605,122.98449317365885,91191.89780426127
626.2131423993209,20691.324136582094,1821646.146339395,368.2079108953476,82.01755274832249,65.9231586754322,170.23817598819733,147.9407114237547,135577.06564591624
101.879248457056,9110.644196686408,289854.93989610905,321.9808442592621,63.584178537130356,53.496848955750465,168.62616002559662,117.08102749288082,103671.66406990719
913.5347100082967,42915.646879889086,3048628.4632634916,409.54668164253235,83.18808564543724,71.29196962714195,174.69009923934937,154.4800552725792,167728.48444440975
391.5716895016978,15841.0805883189,885833.2534218378,358.9157648086548,82.90696588158607,68.82962295413017,169.31296038627625,151.73658883571625,128820.5262281816
760.6448066878876,29577.56632012198,2362278.8908284116,401.4609944820404,74.65520253777504,68.61944441497326,175.51129746437073,143.2746469527483,161170.9300905089
556.9925410352391,25512.369647038126,2002263.9062478635,411.16020154953003,80.64682868123055,71.95060275495052,175.93733835220337,152.59743143618107,169052.71133825017
214.02178622201924,20368.38594306277,644709.0719198282,341.0194202661514,71.31405231356621,59.385758742690086,168.018048286438,130.6998110562563,116294.244998662
591.3103920436436,32632.384839147355,1976341.1387554698,390.4555195569992,71.21924789249897,62.88606668263674,174.5397423505783,134.1053145751357,152455.51275252618
702.1227714411802,28241.434297156262,1679928.8826183274,412.0184043645859,83.50303888320923,74.06664778292179,176.25197911262512,157.56968666613102,169759.1655351394
229.1253883255494,15704.701878536498,430983.72102185775,344.24485993385315,66.47058352828026,54.567914605140686,169.39266085624695,121.03849813342094,118504.52359087818
551.0265794116925,42129.76327849073,2372883.0437439973,446.91967487335205,76.19410641491413,69.44356518983841,179.9149796962738,145.63767160475254,199737.1957889027
579.255282764746,21421.80877902867,1874401.8482705627,370.44557321071625,71.86595866084099,61.498228795826435,172.35587286949158,133.36418745666742,137229.92271141612
494.1741986936993,22929.10945732554,1576601.826219305,399.84449458122253,89.68882586061954,76.66741907596588,173.5285940170288,166.35624493658543,159875.6198469133
247.5885559546181,13399.879439280836,779763.0894381786,380.76704227924347,77.9459719657898,66.52536463737488,173.04107022285461,144.47133660316467,144983.5404860832
407.54661578137353,20294.74333468794,1202728.4120070825,394.4835354089737,79.53122325241566,69.10590264201164,174.52952647209167,148.6371258944273,155617.259708763
320.07245855489793,23512.35811058,758972.1077945158,364.2451527118683,69.83646912872791,57.376291036605835,170.5701389312744,127.21276016533375,132674.53127409224
395.1101087089703,26922.91960345979,1050751.959292693,419.60255110263824,80.900191873312,73.15043485164642,177.85512566566467,154.05062672495842,176066.30089184214
308.60213005574377,16142.9805741783,1145023.81468329,339.88032472133636,62.88682098686695,52.27195926010609,169.49595856666565,115.15878024697304,115518.63513268105
490.4838955035363,18505.394775979905,1301998.297195737,365.63360953330994,73.83646777272224,62.46747076511383,171.60500395298004,136.30393853783607,133687.93642035694
475.40735264317544,16152.619101803612,1110758.2675093934,438.33390629291534,78.74474987387657,71.16297650337219,179.76833486557007,149.90772637724876,192136.61340600628
623.8972873077043,31846.15537178246,2181700.367464643,377.6381553411484,74.1858110576868,63.10017757117748,171.5598372220993,137.2859886288643,142610.5763694653
710.0525059299703,30776.50446893871,2602892.7663640114,351.4497742652893,71.52398465573788,57.23338843882084,168.5578337907791,128.75737309455872,123516.94383112282
305.55691211843987,33388.67859182076,617647.6716860402,428.9326297044754,82.73160217702389,73.79475918412209,177.68225026130676,156.52636136114597,183983.2008251966
286.15353529814575,37669.89642799134,884712.7234057795,406.8999273777008,64.76872251927853,56.85065323859453,176.78865563869476,121.61937575787306,165567.5508999782
479.72539058901623,15768.470909292044,1268706.894792696,388.80656003952026,71.53925897181034,61.9696789085865,173.95308935642242,133.50893788039684,151170.54112976507
519.2223810768885,20902.83908163038,1612210.2560859837,349.5905601978302,73.83482120931149,61.919809713959694,169.83146786689758,135.75463092327118,122213.55977943275
341.58490482128803,15974.967999818993,573748.7964570251,359.7847156524658,73.90780363976955,60.36166322231293,170.42525732517242,134.26946686208248,129445.04161712568
167.20959881561868,9633.606536996149,316336.60606696387,317.472536444664,70.96908117830753,56.92641878128052,166.0036268234253,127.89549995958805,100788.81139660851
274.3407179695771,45895.63735857576,651053.9917636483,444.54798197746277,69.7980437129736,64.27861704677343,180.31105136871338,134.07666075974703,197622.90828023455
418.7011275641879,18787.542757356347,919710.4135048072,426.33037781715393,78.31469944119453,69.35986341536045,178.44981920719147,147.67456285655499,181757.59104971722
527.678213143748,26807.444000666077,1734115.3007866119,438.0928682088852,72.91783252358437,67.24706971645355,179.47586131095886,140.16490224003792,191925.36117548766
329.1086581169899,30559.401795190646,652861.5003707678,379.02992391586304,69.17189626395702,58.900190353393555,172.92051708698273,128.07208661735058,143663.68322366494
854.9334292942972,37754.10101762167,3290836.981472641,411.9822815656662,81.13145437836647,69.1062144190073,175.48815166950226,150.23766879737377,169729.40032405185
597.35888211969,35791.71622824089,2209169.7936405987,381.0311846733093,67.25190538167953,56.47140892595053,172.7872974872589,123.72331430763006,145184.76369354557
215.03972422955835,16770.08374089598,553168.0356700479,387.6955488920212,77.59806314110756,68.5172218233347,174.5906217098236,146.11528496444225,150307.83863068558
364.34645519809237,35998.02808236634,1130729.1894613868,451.3193858861923,73.0610134601593,68.29629020392895,181.066011428833,141.35730366408825,203689.18807668978
480.67548484988953,27832.734306168055,1091721.261726996,415.76115572452545,72.92770019173622,63.801599606871605,176.67708909511566,136.72929979860783,172857.3386093931
426.9622751705442,40520.3479628402,1011357.8855122733,401.1210718154907,80.1380285769701,68.10659174621105,174.13979315757751,148.24462032318115,160898.11425440808
225.5465036434771,10413.2950770274,565979.6657946747,343.0893657207489,76.6394362449646,62.690687999129295,168.87789177894592,139.3301242440939,117710.31287066579
1135.7760883909557,36241.80475098955,3037651.247249862,450.7079527378082,75.3094751238823,71.19086481630802,181.31903719902039,146.50033994019032,203137.65866110637
372.05387421375434,31017.257408746213,648507.5471774203,412.35333919525146,82.44678097963333,71.05203476548195,175.6160923242569,153.49881574511528,170035.27634547412
832.429798630505,47455.802665546675,2834292.2022197605,391.7471560239792,69.13594727218151,59.524194441735744,174.5011796951294,128.66014171391726,153465.83425287588
702.9656662605693,26470.10224046632,2463875.5006814096,405.8422704935074,83.46121767163277,71.35898919403553,174.75852501392365,154.8202068656683,164707.9485193252
401.5165018818341,31667.295712856805,783950.0882430223,399.8333604335785,75.88112315535545,65.21382340788841,174.2975310087204,141.09494656324387,159866.71611560788
1776.9549814881755,85619.33308443791,5029684.8533647945,532.7224142551422,78.85921797156334,77.12129044532776,188.7125140428543,155.9805084168911,283793.17064982734
538.1787715054255,32563.8632444736,1829583.7986225232,423.1059333086014,71.42635263502598,64.86425858736038,178.33788681030273,136.29061122238636,179018.63080094263
456.2238063423116,29939.30064678477,1673975.5680020577,400.78611946105957,76.56932970881462,67.48343047499657,175.05101203918457,144.0527601838112,160629.5135526547
530.7351327914982,28331.728273013836,1662192.1846982767,370.7494776248932,83.11946567893028,68.49211126565933,169.98496270179749,151.61157694458961,137455.17515913118
1571.6055281815925,39254.60131207726,5018427.799840373,469.82712519168854,84.84231001138687,78.78952169418335,182.3113250732422,163.63183170557022,220737.5275658866
303.2292692700986,23361.385896829936,786396.4076895516,382.22423005104065,74.45881009101868,62.10552258789539,172.67640101909637,136.56433267891407,146095.36203811085
1433.4723595615417,55756.47732460665,4950776.923507247,443.24550580978394,82.1186990737915,74.68325367569923,179.66600787639618,156.80195274949074,196466.5784205712
262.9328877377007,22860.12721872914,1290903.5286268662,371.44325363636017,63.25001075863838,53.73571902513504,172.3275943994522,116.98572978377342,137970.0906719654
501.5308753853467,18395.400775803395,1215612.4059319433,369.55037784576416,74.7182686328888,63.164152547717094,171.28638625144958,137.8824211806059,136567.48176594707
1562.3467561558691,63493.70807231675,4399569.129664196,469.02109372615814,79.03907334804535,72.6937874853611,181.66867172718048,151.73286083340645,219980.78636008163
325.30782358580154,21695.144445643204,1424346.6642785715,359.89009964466095,72.60472896695137,60.47189770638943,170.29408431053162,133.0766266733408,129520.88382224398
322.26539849212475,27302.013378238313,1036341.7814726928,441.75967013835907,68.03370250761509,64.00040031969547,181.15484356880188,132.03410282731056,195151.6061607518
738.7478539267863,61327.46343439516,2307781.571726541,434.63864612579346,69.25410628318787,64.03301055729389,179.98241472244263,133.28711684048176,188910.75270606272
240.65658689676405,52505.71042043761,340894.93678366917,418.10917127132416,71.30043372511864,62.37679583579302,176.40035128593445,133.67722956091166,174815.27910119348
1040.9309981725173,56356.7918695721,2945200.610810842,442.9439651966095,80.32184292376041,73.42132721841335,178.72535455226898,153.74317014217377,196199.3563040952
734.2264616039442,46704.73587271168,2278694.347612979,436.5042507648468,77.28709962964058,70.47193910181522,179.31397342681885,147.7590387314558,190535.96093578025
892.9213004729072,64238.13896936114,1918032.7081812704,518.0372886657715,81.04999338835478,75.62515723705292,186.2065145969391,156.6751506254077,268362.63244818384
1721.9212155732744,74747.82406064254,4717838.388562042,475.3456265926361,69.5260928273201,65.89346309006214,183.20574915409088,135.41955591738224,225953.46472074583
1912.3835935757452,103839.84190778297,5697489.225264133,519.5289950370789,71.22321128845215,68.3214967995882,187.64252650737762,139.54470808804035,269910.3766842371
830.8227131344927,76256.5898695169,1579716.357775639,496.52655613422394,74.12312914431095,74.06974267959595,186.33581447601318,148.1928718239069,246538.62094651264
953.8751113162825,87672.95559326385,3193763.495924457,489.31044352054596,73.36895099282265,69.21758803725243,184.49666452407837,142.58653903007507,239424.7101382734
816.6674742952232,55137.59941931326,2882963.9405304543,457.3072016239166,84.69126230478287,76.19388201832771,179.97691011428833,160.88514432311058,209129.87665709754
1055.2738781211208,30977.388211494737,2706585.259159981,433.79735720157623,80.39474685490131,70.9181805998087,178.12787210941315,151.31292745471,188180.14711507192
246.75860197635592,35327.12114856366,613102.872129602,392.61188197135925,75.7686462700367,65.78013937175274,174.93848979473114,141.54878564178944,154144.08986509254
486.833316984987,30651.440689492545,1127101.4591218072,411.40566980838776,73.61897882819176,64.78732632100582,176.12549996376038,138.40630514919758,169254.62515048817
956.4679616417432,95119.14361905928,2199837.7928972053,514.7134755849838,78.7180360481143,75.33228904008865,186.54662358760834,154.05032508820295,264929.96194877377
790.882256222026,24816.23695660793,2194506.6729225465,396.98342657089233,81.92483226954937,68.35808165371418,173.00009524822235,150.28291392326355,157595.84097196706
648.6693585351558,101580.78621924768,2907599.9747537244,470.39296901226044,74.11907045543194,69.24317079782486,183.23860430717468,143.3622412532568,221269.5452961694
331.7710844404492,29647.54184939124,983734.3175156382,404.04740262031555,67.74458369612694,59.353079080581665,176.01018834114075,127.0976627767086,163254.30356422337
272.4489255558318,23669.534463360113,838777.6917557736,401.4812798500061,74.56860676407814,65.86854062974453,174.84273493289948,140.43714739382267,161187.21806999893
477.07316395225365,43592.461499285644,1112701.4397454786,460.9808408021927,80.7944855839014,76.35774901509285,182.14799916744232,157.15223459899426,212503.3355866965
2792.5183296680348,98395.24165117973,10742959.516648432,500.21899795532227,76.19152072072029,69.61583878099918,184.7349305152893,145.80735950171947,250219.0459154267
543.5195312745473,20323.957901072656,1418071.976283822,372.9843211174011,73.232182264328,61.07396224886179,172.0411343574524,134.3061445131898,139117.3037994086
915.9430270109984,85443.52451902225,3471964.1656275634,482.4643919467926,78.17213532328606,73.74335351586342,183.6245847940445,151.91548883914948,232771.88949658832
585.601074324453,33923.599616757514,1745410.8273418976,416.160236120224,78.416758954525,69.09795106947422,176.21994650363922,147.5147100239992,173189.3421276406
424.84548357435614,54047.71090578925,1610797.2269449758,408.3627905845642,65.59997862577438,57.5843955501914,175.7149784564972,123.18437417596579,166760.16873401264
349.9426588623251,38882.40572280293,637648.6394851784,454.1674371957779,73.42351676523685,69.53762085735798,181.3261637687683,142.96113762259483,206268.06100898085
925.005410266928,43372.45494409548,3313068.556069873,362.0541503429413,67.54217278957367,54.378145053982735,170.29062962532043,121.9203178435564,131083.20778054913
835.5270660693828,72453.09358094136,2347885.0453735767,513.9377747774124,75.56555117666721,75.60491865873337,188.48779582977295,151.17046983540058,264132.0363431583
2006.5822302945408,120896.8030804205,6956474.743937794,566.0136072635651,81.41509100794792,82.51712377369404,192.2668217420578,163.93221478164196,320371.4036075133
1554.4531785576737,126368.1911508845,3423184.3274986153,540.0680196285248,68.98671635985374,68.03233067691326,189.59603250026703,137.019047036767,291673.4658254766
2213.5415530851433,94929.35027940273,7410932.945190161,512.7699971199036,77.92193530499935,73.80122415721416,186.4318814277649,151.72315946221352,262933.06994634593
1113.742656741849,209674.49140549637,3766428.1627865825,587.0528793334961,67.78177252411842,71.39811305701733,194.6213834285736,139.17988558113575,344631.0831337483
609.8949301635814,33520.20536385036,2086512.9749613926,417.3185203075409,77.1807801425457,64.96697138249874,174.9921234846115,142.14775152504444,174154.74739167542
700.9220565618671,123043.85386581185,3100059.0215910473,491.98023653030396,69.54728768765926,65.21231997013092,183.93320548534393,134.75960765779018,242044.55313641383
1033.7487496055974,92382.18441098277,3840719.2217161357,456.2585346698761,78.8758250772953,69.11889518797398,179.42445278167725,147.99472026526928,208171.85045910254
725.0387484717675,69721.22443934059,1638742.1834594212,513.0588742494583,66.66556294262409,67.51906341314316,188.95153963565826,134.18462635576725,263229.4084461215
647.4968957944435,60881.29792642017,1309252.4823560663,452.18257796764374,79.41176960617304,71.45017257332802,179.68575024604797,150.86194217950106,204469.0838174642
2369.8021755670247,110519.00970489816,8765825.109075869,502.9537991285324,67.869374781847,65.73965936899185,185.77617061138153,133.60903415083885,252962.52405782414
708.1154388631187,127497.09677647057,1581113.0691856607,588.2930870056152,79.9486372768879,83.27645602822304,195.96139299869537,163.22509330511093,346088.75621859636
1584.9323625813993,93909.1981037478,6313751.229612238,503.86720156669617,80.33973191678524,77.80919529497623,185.8988572359085,158.14892721176147,253882.15681465363
620.3418388334502,53364.9923025004,1472964.90545303,439.89858424663544,84.22357012331486,74.11327405273914,177.82886052131653,158.336844176054,193510.76442219422
499.4286559178027,22620.78594122519,1062607.6799303212,428.76605236530304,79.67364940047264,69.97752963006496,177.60413086414337,149.6511790305376,183840.3276609258
689.3752990594235,56650.967052650434,2679846.8727570754,485.3286626338959,67.699632845819,64.61923352628946,183.89399564266205,132.31886637210846,235543.91077400593
1522.2270214080684,176114.90236021564,4116315.9880477884,534.7897428274155,75.53812928497791,73.68857534229755,188.8639303445816,149.22670462727547,286000.0690334132
516.780561621874,38150.61267286035,1264567.0049963533,479.957034945488,79.63791368156672,75.17906428873539,183.94953954219818,154.8169779703021,230358.75539366435
1957.8492338932726,89811.82859550904,5515078.052380856,599.8731515407562,82.95969170331955,84.91220360994339,195.5583815574646,167.87189531326294,359847.7979394391
1340.9506303189585,72074.5741026958,4193740.2084138566,430.1681720018387,74.29425536096096,66.57593877613544,178.235675573349,140.8701941370964,185044.65620340346
2281.5800843926954,97416.2739099863,10952662.925642952,523.7618160247803,81.95366762578487,79.05232022702694,187.6797081232071,161.0059878528118,274326.4399255758
563.8912700577389,62925.09522174646,1244316.4862994254,434.9818756580353,73.33844470977783,67.81841495633125,178.5270857810974,141.15685966610909,189209.23215098245
2118.450498214066,84068.95724173849,5645997.374704814,534.0075097084045,81.64204894006252,81.05915939807892,189.9812560081482,162.70120833814144,285164.02042497176
1061.6947932816292,158504.6264582651,2810902.8188412488,519.6527695655823,65.79822266846895,64.19764605164528,187.775621175766,129.99586872011423,270039.00091718015
1599.5440606038542,106498.5485710705,7333241.39409089,476.67111098766327,72.42617079615593,65.67791031301022,182.31619703769684,138.10408110916615,227215.3480502132
881.5143596677267,74623.74841209888,3398720.2863042066,489.1705160140991,81.76943729817867,77.43236756324768,183.40635883808136,159.20180486142635,239287.7937375
1965.2444876574016,92189.35280757087,4122745.1445437935,536.9203197956085,79.83872704207897,76.27379931509495,188.14463412761688,156.11252635717392,288283.4298094185
1285.5386159953227,67095.10443249757,3647591.4135575574,526.643004655838,81.59701846539974,78.5234917551279,188.18590211868286,160.12051022052765,277352.85435292905
1793.6150137464658,139282.37325781793,4503567.08115335,561.3459179401398,73.89530400931835,75.14240875840187,191.97375166416168,149.03771276772022,315109.23958805815
1476.1846787929874,113504.53705641751,4153164.139750426,531.0955302715302,76.29046459496021,74.25378701090813,187.39440047740936,150.54425160586834,282062.4622743978
1390.4050373176742,92414.36487039535,5343913.131279826,503.21278524398804,75.88325621187687,72.75218713283539,186.2692837715149,148.63544334471226,253223.10723301204
2200.9050523673955,91038.12269876344,7055710.255633646,551.9484119415283,85.61393241584301,82.67973753809929,189.84496188163757,168.2936699539423,304647.04944477504
2009.17503842832,87753.65462885771,5968470.060679209,509.2574862241745,74.88608431816101,71.16017240285873,185.74629032611847,146.04625672101974,259343.1872753653
1744.9335435781954,109666.5693435489,5384067.20337472,536.198522567749,79.800949588418,75.58417789638042,188.10001575946808,155.38512748479843,287508.8556038369
669.6594272573005,53919.50244553996,1469912.3483525168,424.3093136548996,80.12809218466282,69.03690722584724,176.5731199979782,149.16499941051006,180038.39365429195
898.5178700722831,60565.668605067796,3073271.5370145147,460.5819362401962,67.92217092961073,62.28376629948616,181.90647637844086,130.2059372290969,212135.71999076818
1651.7216294334874,61412.52849244351,4439715.493082706,552.7710199356079,84.19567542523146,85.59439618885517,191.22047102451324,169.79007161408663,305555.80048065225
1953.5787168823288,104433.1441317295,6183115.390249349,508.8631155490875,73.13571359217167,70.24180535972118,187.45474529266357,143.37751895189285,258941.670366324
1323.2151077249662,40804.026527281356,3365316.5969406567,482.13230872154236,79.00554917752743,73.83614611625671,183.66518700122833,152.84169529378414,232451.56311316462
797.2345884499109,136091.6904338648,2099250.581124706,490.4681535959244,63.926539711654186,59.97354853153229,184.3338519334793,123.90008824318647,240559.00969179528
1659.2284992101847,96733.15578383536,7672212.6290009655,503.3519012928009,74.42995083332062,72.09028646349907,186.52163326740265,146.5202372968197,253363.1365350776
2327.493749189688,80966.12975972328,7305688.522091762,493.18512880802155,59.0545674264431,57.80190056562424,185.20868241786957,116.85646799206734,243231.5712773848
1301.3576271400377,82901.93091844559,3117824.0749726286,476.1469941139221,73.51483227312565,69.83686353266239,184.00527489185333,143.35169580578804,226715.9600037234
3000.9872477040744,255462.39055711785,9881412.457749406,590.0603065490723,65.25580675154924,66.0790033787489,193.06937301158905,131.33481013029814,348171.1653647851
1802.992801734368,163412.08859094346,3271304.3668147353,610.4218609333038,83.06781195104122,84.28080260753632,196.11025977134705,167.34861455857754,372614.8483052777
931.4264379233749,93984.14721204036,2095611.7412851,580.2941660881042,82.54426446557045,84.4430760294199,193.6859335899353,166.98734049499035,336741.3191958883
539.3297763986436,89655.02683041256,826079.6693352619,520.9917024374008,75.40201815962791,71.36221295595169,187.00535380840302,146.7642311155796,271432.3540086212
828.6477684480432,65702.21328715942,2490892.7283190396,467.48057663440704,79.41536788642406,73.83941604197025,182.5207656621933,153.25478392839432,218538.08953043772
521.4176940806447,63004.47179511129,1832521.6152112186,462.74938106536865,75.67060995846987,69.17633034288883,180.5998877286911,144.8469403013587,214136.98967638178
3616.382210917152,146153.25180393085,11487652.450624537,585.2446860074997,77.15274423360825,80.06069613993168,194.1788489818573,157.21344037353992,342511.3425000169
1889.282989663199,102509.58138182707,5669666.703394718,565.1530344486237,72.41776633262634,74.57361325621605,192.68617832660675,146.9913795888424,319397.9523464872
1748.9691386498048,197847.64412725548,2734985.379992614,563.1184122562408,73.94862009584904,69.33119598031044,189.6710523366928,143.27981607615948,317102.3462219896
4375.7146952265975,235812.4623215137,15613284.020414857,646.3700649738312,64.38591311126947,70.50335381925106,200.20751309394836,134.88926693052053,417794.26089427475
1305.50950050538,127027.93275095474,3285710.1747245695,554.5691728591919,70.32736188173294,71.6036552041769,191.54483354091644,141.93101708590984,307546.96748572827
3213.1788801393627,161105.91649516538,10555166.552775118,521.7989139556885,77.05195464193821,73.4940220862627,186.71451342105865,150.5459767282009,272274.106605336
6019.969109018384,270812.12588990614,20543386.745275423,604.7647172212601,64.13189496099949,66.60312654078007,196.24681735038757,130.73502150177956,365740.36319571064
1304.026368632988,164425.92614949332,5439032.323792145,593.4603543281555,73.94206683337688,77.11619238555431,195.12626588344574,151.0582592189312,352195.1921592999
2505.074117972228,121395.51832818006,9937315.727836525,580.3264527320862,79.20967715978622,80.77902954816818,193.50115597248077,159.9887067079544,336778.79174060625
1809.5933181405671,56352.27504495705,4389379.501866393,554.3951632976532,87.37503132224083,84.41644503176212,190.09650599956512,171.79147635400295,307353.99708783155
2410.1359259462765,150653.80082051468,7225174.654054089,541.6182482242584,69.50344167649746,65.72176615893841,189.1243393421173,135.22520783543587,293350.32680951443
1369.2809683193261,107947.45653537616,3771895.7472970067,482.49201238155365,70.89818922430277,68.20001064240932,184.4260697364807,139.0981998667121,232798.54201200133
993.5585954031155,65224.37788347254,2595735.8009737334,485.84256851673126,79.08748330175877,71.20935901999474,182.5747423171997,150.2968423217535,236043.00138293472
1808.2662653154796,128300.47780521127,5151044.377523524,488.8914966583252,66.9904547482729,60.77643668651581,183.0701824426651,127.7668914347887,239014.8955048172
1827.5990465417003,161553.82107180948,2788747.748921084,636.6470364332199,71.81802751868963,77.10489410161972,200.21790146827698,148.92292162030935,405319.44899920165
957.3238126121815,107279.57810660945,4053278.636991458,529.0723841190338,74.79411570727825,72.59292517602444,188.6808820962906,147.3870408833027,279917.58763739845
793.2097036508259,115398.5763704313,2805700.5590461367,535.0305111408234,69.47923228144646,67.08360508084297,189.2446072101593,136.56283736228943,286257.64785161073
1935.2304069847307,94731.85699200837,6708924.01281178,560.5658445358276,81.36006423830986,80.00062093138695,191.03886914253235,161.3606851696968,314234.0660601657
2009.3926435944536,237657.43754854397,4254139.127987727,629.5817334651947,65.49666875600815,70.72132830321789,198.73166918754578,136.21799705922604,396373.15911303944
313.1189825354989,148476.24101965956,636594.1427619255,486.1472954750061,60.71909336745739,54.32597206532955,182.20061075687408,115.04506543278694,236339.1928976629
1438.7160218603879,104103.6940144513,5740506.067681411,536.0679097175598,67.44459508359432,68.3239606320858,190.11307954788208,135.76855571568012,287368.8038289539
1468.7858856641838,66713.84775609087,4538552.2448870065,510.7272607088089,73.68976406753063,72.40666863322258,187.2815043926239,146.0964327007532,260842.33483112365
926.5782129559628,119726.35561946167,2124551.257559183,547.8312104940414,58.36263507604599,60.24615619331598,190.51155638694763,118.60879126936197,300119.03519136674
2107.7210955655355,146754.91508487816,6019126.620424513,626.6744419336319,67.89125280082226,72.00224417448044,198.99691700935364,139.8934969753027,392720.856172829
2617.3578132292905,218169.06358572288,5499805.5143384915,596.690545797348,65.27298006415367,68.99247597157955,195.78523528575897,134.26545603573322,356039.6074439371
3354.47888327852,168974.9712745803,10312077.137149578,678.0484914779663,62.88537576049566,70.31740163266659,204.02233707904816,133.20277739316225,459749.75679554575
1550.7625089737483,118604.30806563327,4202891.024680622,585.8077068328857,83.40538325160742,83.79645189642906,194.12250912189484,167.20183514803648,343170.6693848042
2996.0616154102204,209855.1254971382,14834177.96077546,592.8766942024231,76.0203905403614,75.73598963022232,193.1992472410202,151.75638017058372,351502.7745283935
1448.922801857793,92144.26467586744,4929298.988072872,551.0061204433441,84.49514763057232,84.56886474788189,190.0304753780365,169.0640123784542,303607.74476602505
4019.121225655607,132318.2367267233,10930044.704293767,594.6274604797363,79.74266591668129,79.18367664515972,194.4044005870819,158.926342561841,353581.8167565804
1619.4375009155374,78835.95660624816,5418624.979789409,539.249457359314,76.23010880500078,74.77323958277702,189.96831738948822,151.0033483877778,290789.9772623146
3289.6834593194253,130850.32698843886,9195917.150169015,571.1260690689087,59.84831911325455,62.72356463968754,193.0125333070755,122.57188375294209,326184.98677010386
4165.498469240539,198441.31562081096,20796681.807002388,612.8464107513428,63.51982915401459,67.02513253688812,196.817214012146,130.5449616909027,375580.72317080357
1416.8670273944765,53243.624485202585,2705905.6080647684,490.98743653297424,73.15730179846287,65.96496194601059,182.966099858284,139.12226374447346,241068.6628332214
2329.2261759080784,163586.69085402842,9121065.15241336,542.0127502679825,66.98690728843212,67.29123711585999,189.92277026176453,134.2781444042921,293777.82145306235
5440.142526588976,309572.4895724584,19147574.716674857,579.6404672861099,66.05928689986467,63.70071384310722,191.863955616951,129.7600007429719,335983.07131565985
1725.889152798275,183050.93091912533,4237696.494019855,610.1156997680664,70.44027434289455,74.2642737030983,196.70717096328735,144.70454804599285,372241.16710347735
2696.019681038425,220442.31852999429,10641735.768468149,598.5090672969818,59.341453358531,60.57354401051998,193.4964406490326,119.91499736905098,358213.1036367031
2317.078837597709,165533.9901612678,12523441.811534801,580.4241868257523,63.672691740095615,66.2596972733736,194.23942816257477,129.93238901346922,336892.23665233573
1417.7809607576412,81021.95967906636,3636465.0229236344,553.8141188621521,77.03310666978359,74.18221597373486,190.01964151859283,151.21532264351845,306710.07825106196
1108.1850955482048,252269.4874027611,2797226.436578271,635.695237159729,61.19878274947405,66.26626548171043,199.38512694835663,127.46504823118448,404108.43454756413
5676.462548307014,197002.53981606197,19420919.270723883,661.6741440296173,68.08694774657488,74.65406288206577,201.64077472686768,142.74101062864065,437812.6728773267
2891.003783300349,143644.04533441897,7807538.055271079,568.2781438827515,57.86265613883734,60.854356184601784,192.74828279018402,118.71701232343912,322940.0488148252
1155.440417781736,147374.14623849292,3243646.1256105467,498.16826140880585,68.73104448616505,65.05452458560467,184.80840957164764,133.78556907176971,248171.61667507232
1781.4269528005723,163629.80204124167,7340541.243416342,532.7331511974335,64.95934081077576,64.47423674166203,188.13457787036896,129.43357755243778,283804.6103847475
494.1445077128611,81272.88695239788,1527686.9848828197,446.61194586753845,66.12249942868948,59.393104545772076,179.2530814409256,125.51560397446156,199462.2301915891
5165.772010923319,212381.3578390267,25123728.430058766,639.482049703598,69.08246241509914,73.68525193631649,199.93816018104553,142.76771435141563,408937.29189311503
1270.8309037924334,147871.22746993942,2423855.0404750276,532.2166545391083,71.81233686208725,71.3663425296545,189.29312324523926,143.17867939174175,283254.5673688005
2144.548934478606,200226.2513163489,10162496.130030483,623.886332988739,65.70908962935209,70.93452221155167,198.92978155612946,136.64361184090376,389234.15649013576
2236.375428358458,127623.10677171737,7739711.207188678,549.4547743797302,79.61372497677803,78.86807817220688,189.872793674469,158.4818031489849,301900.54908868024
3463.51296908526,342326.24417089525,13516065.916291475,661.0972440242767,67.04255441576242,70.07568365335464,199.25082898139954,137.11823806911707,437049.5660564941
3055.2512287088925,127221.61184174604,8937654.402824955,610.4736545085907,79.51419669389725,83.13905324041843,196.91685259342194,162.65324993431568,372678.08284907416
2576.1741066919353,167615.28772117777,7571509.799477279,527.3356277942657,77.96611632406712,75.23071500658989,187.08012521266937,153.196831330657,278082.8643411724
7660.401124974048,223952.2576048307,27016796.64143539,618.178407907486,74.19490975141525,76.30063162744045,196.22319519519806,150.4955413788557,382144.5440030341
4415.684087985516,168845.85000426893,14529187.45578355,594.021956205368,78.45529288053513,81.49805264174938,194.33640360832214,159.9533455222845,352862.0844540522
4877.032220668718,274972.30137377116,19367272.050906006,622.9170024394989,66.3110383450985,71.02608788013458,198.93418109416962,137.33712622523308,388025.5919282107
7946.076639554734,300494.0872812492,50868377.25182303,624.211124420166,69.97021164745092,74.53570401668549,198.3473687171936,144.5059156641364,389639.52784988796
8777.7469044953,237750.2530215964,37348010.92474676,678.235466003418,62.64665054529905,69.55035528540611,203.47636771202087,132.19700583070517,460003.34734487353
1694.2688621142179,165954.9902204305,4900169.672197391,592.70849776268,81.63769868016243,81.97216252982616,193.7551954984665,163.6098612099886,351303.3633200929
2004.9183094944663,159531.70955724982,5574007.497116464,629.0053033828735,61.40733115375042,66.20531721413136,198.86969375610352,127.61264836788177,395647.6716837808
3501.2337853655345,201360.0394927733,7370380.770955268,588.170525431633,67.1657377332449,69.45265670120716,194.55270409584045,136.61839443445206,345944.5669865232
6355.41979081214,265390.9492593141,40987356.56976862,669.6949062347412,64.60956276208162,69.55447560548782,200.73526287078857,134.16403836756945,448491.26743675885
3901.315589398567,250058.315083891,37500429.917879924,689.2029807567596,59.68349512666464,69.3777383863926,205.04353857040405,129.06123351305723,475000.7486840024
959.9505411702421,169867.82052293763,1485602.3920864179,609.2810654640198,66.42089452594519,70.28734810650349,197.04961478710175,136.70824263244867,371223.41673297115
5652.6070034552595,278948.5225254224,28747297.703287054,652.7827167510986,65.98732452094555,69.98857593536377,199.6042674779892,135.97590045630932,426125.27528894506
4710.462072479806,289554.5569152868,19430164.49574684,664.7633798122406,59.85930298268795,67.18320475518703,201.7200404405594,127.04250773787498,441910.3511393932
1261.6119901884047,89769.50921397563,2216744.7929801475,570.7355632781982,79.32473382353783,80.24272401630878,192.97828316688538,159.5674578398466,325739.0831904822
2778.602177516909,267239.385826887,7991599.167798738,537.5694708824158,69.52940195053816,67.00015671551228,187.91492807865143,136.52955866605043,288980.93602480047
3818.1409141280014,291054.4099663288,12634740.194776725,609.8997046947479,68.62664929404855,70.98234301805496,196.16426932811737,139.6089923121035,371977.6497867407
3313.6796245006117,273470.05452743964,9023575.382700551,606.348240852356,70.43127574026585,69.87667049467564,194.12387216091156,140.30794623494148,367658.18918474665
1831.5220744701448,83108.78550066809,3604680.1775556803,541.9880223274231,69.96655616164207,64.62009936571121,187.61920881271362,134.5866555273533,293751.0163463913
1235.0242637135432,131079.39417259835,3563117.4537243247,619.5452492237091,72.41186513006687,74.76646648347378,197.07132291793823,147.17833161354065,383836.31583566783
2324.709558786351,116492.20380596121,4407736.05469177,568.602460026741,79.01336565613747,77.3698046952486,190.05129277706146,156.38317035138607,323308.7575484616
2961.0917658196095,158451.06231631606,12827245.446395192,576.5702924728394,74.4996220767498,74.18391969799995,191.99665808677673,148.68354177474976,332433.3021622155
3420.7219166589466,275839.7533536825,15686010.721761728,673.2641544342041,75.08981806784868,83.20894668996334,203.52798569202423,158.29876475781202,453284.62164600386
3376.2079266172614,221422.5879999571,10176411.79251261,634.6846274137497,68.81532189249992,73.69894316792488,199.10575950145721,142.5142650604248,402824.57627533027
2666.085402419886,152186.06044109428,7543769.51024449,576.5638377666473,65.82800294458866,67.6347336024046,192.6175216436386,133.46273654699326,332425.8590202048
1904.905049350152,185396.0356680574,10733584.703869333,544.3909475803375,62.365852542221546,60.55258047580719,188.47926950454712,122.91843301802874,296361.5038074178
4344.870206594619,312615.414895516,15890743.639482351,684.9212331771851,60.492328472435474,70.18091015517712,205.2669130563736,130.6732386276126,469117.0956569559
1791.1175621656553,195048.30145813336,4739564.631659005,635.7270498275757,77.80414069443941,83.35790948569775,200.27109515666962,161.16205018013716,404148.8818824729
1652.1130543658521,150068.0915270782,4635323.047403803,582.9111175537109,82.76260814070702,82.19757601618767,193.1096749305725,164.96018415689468,339785.3709677162
3317.6298834378936,116873.16101561821,7208003.0765285725,532.6175212860107,70.4497861713171,68.3503583073616,188.96806275844574,138.8001444786787,283681.4239808541
5272.968496400907,330161.0516721747,29481034.192076117,682.005658864975,58.75212401151657,65.60656735301018,203.0480123758316,124.35869136452675,465131.71872384864
3086.2785105307253,201429.55501953413,10413264.247846425,598.9820046424866,61.13524532318115,65.90448254346848,196.05197942256927,127.03972786664963,358779.4418855318
3724.8765760265537,251875.14196559478,14682527.05143381,666.5609214305878,68.16531766951084,72.25276920199394,201.28877317905426,140.41808687150478,444303.4619783942
2757.4006522248933,209519.24046277825,4780455.561345527,659.9628305435181,67.53739397227764,74.52572721242905,202.64840173721313,142.0631211847067,435550.93769901234
3839.511376313271,243041.26653619818,16191405.380174896,592.0654211044312,64.0152208134532,66.74498179554939,194.6079181432724,130.7602026090026,350541.4628675674
1163.7841681217265,133153.79052967404,2570788.56941455,541.5227147340775,65.10302540659904,64.0911310762167,189.26295280456543,129.19415648281574,293246.85057296505
5756.310880445926,346975.2861727035,40403471.57135208,640.7334747314453,70.83932909369469,75.78850966691971,199.8189069032669,146.6278387606144,410539.38564143167
3030.751177476488,320012.28666100104,13597799.961875556,667.0811440944672,62.36742351949215,69.09855867922306,201.84730911254883,131.4659821987152,444997.25280638324
7555.410169405995,410385.8499695196,88506132.00039856,679.6584532260895,62.408098064363,69.17147615551949,202.6026430130005,131.5795742198825,461935.6130416805
4156.824568832001,348357.6115921556,34185670.48316546,563.8496369123459,64.72494750469923,63.75545585155487,190.2494157552719,128.4804033562541,317926.4130461843
7161.159501715849,243669.05536896788,20784574.288341235,614.5980681180954,59.68622928857803,62.236292257905006,195.8901206254959,121.92252154648304,377730.785334495
3069.3532716974187,348682.889913792,19275661.88993674,701.7422025203705,58.862120680511,66.34825989603996,204.73012471199036,125.21038057655096,492442.11879814067
2142.835404622017,190120.6802503284,4534451.984483309,617.3725607395172,72.40823973715305,76.56647029519081,197.69139778614044,148.97471003234386,381148.87875406886
4815.201780247604,230557.8648693363,43915019.9506594,648.0653300285339,58.00777202099562,61.22012248635292,199.1109540462494,119.22789450734854,419988.67198499263
4481.342855065393,251743.4581946032,12159966.19092027,602.249577999115,63.135560899972916,64.65027633309364,194.5327661037445,127.78583723306656,362704.55420011206
2167.825147567791,250699.45305275277,22821533.669133127,589.499837398529,77.30522866547108,77.66596321761608,193.4280868768692,154.97119188308716,347510.0582928922
10996.544810790367,398527.0795133028,86982429.14481707,681.8896214962006,57.85630724206567,64.4204775840044,202.57865178585052,122.27678482607007,464973.45590423164
5085.504691351782,194103.34955354425,29414472.113598585,681.8541581630707,64.12574391067028,70.84549334645271,203.2535581588745,134.971237257123,464925.0930042698
2793.804316701267,231048.19314943228,7901426.575056868,654.8496246337891,66.27642984688282,72.92766413092613,202.8105524778366,139.20409397780895,428828.03088301443
2318.9180664407877,194486.68968111518,3950780.2990415692,596.6010024547577,67.49167811125517,70.75145897269249,195.7253954410553,138.24313708394766,355932.75613002176
3049.11152651383,279883.319835186,6491468.422497551,660.9543969631195,65.52652261406183,70.88385739922523,201.46838116645813,136.41038001328707,436860.71486488095
6152.815825198729,271466.6794478352,29589600.030526053,686.0793318748474,66.4105163961649,73.86051341891289,203.4411497116089,140.27102981507778,470704.849625837
2013.6356319455774,257844.2299867704,4413899.275561481,622.5620414018631,72.51419568806887,76.77768933773041,198.09302389621735,149.29188502579927,387583.4953944551
2720.8197425243156,180507.76879614522,6111730.391801824,594.3824253082275,62.54578557610512,64.36114935576916,194.169740319252,126.90693493187428,353290.4675152907
8791.63197999187,475873.60347251943,41408585.787144706,731.2250292301178,55.513575077056885,65.52722504734993,208.70116996765137,121.04080012440681,534690.0433725866
2098.1548457521703,160105.14221587018,7816036.964116794,647.9258439540863,69.16144578158855,73.48137600719929,200.6938647031784,142.64282178878784,419807.899263615
5958.395616980849,455051.86803200503,16061865.694013521,678.0748097896576,59.66957285255194,62.9672179967165,200.26969516277313,122.63679084926844,459785.4476712803
6391.387356285155,402992.99121954845,27546341.443440817,602.0246076583862,68.58156824856997,71.93763659894466,195.51792097091675,140.51920484751463,362433.6282262339
7043.255187459604,321365.2911826951,31889888.866081294,669.3769931793213,59.53383504599333,68.70360317826271,203.42482435703278,128.23743822425604,448065.55899778917
5696.755540107955,348015.81236044655,28283539.428035147,649.8310387134552,65.22274723649025,67.49674853682518,199.05867040157318,132.71949577331543,422280.3788754081
3103.7369635484715,216474.86459471076,8276513.046075706,598.3548854589462,71.08669752627611,72.20488391816616,194.4027454853058,143.29158144444227,358028.56895258866
4538.426309508406,438552.9571124566,26146006.517879527,616.3685735464096,59.23160058632493,60.679285392165184,194.65185618400574,119.91088597849011,379910.21845563577
10732.298170466072,499056.9045795429,119297552.58805774,682.9763989448547,62.38487506657839,66.82817892730236,201.60526394844055,129.21305399388075,466456.7615156814
3508.1841020626252,336105.07132312655,17276260.219536297,658.0474257469177,55.535655565559864,61.120882242918015,200.01086747646332,116.65653780847788,433026.4145321452
1848.3551906489047,220458.85476937023,4669866.150289817,629.1087775230408,70.24363981187344,72.23999613523483,197.1628292798996,142.48363594710827,395777.8539565348
942.864119107633,152288.29378763307,1870959.9416917886,531.0101583003998,61.74941422045231,60.374454490840435,189.0300635099411,122.12386871129274,281971.78821821563
3990.483194700851,155544.26104601225,7066468.900273248,697.3403007984161,63.930843122303486,72.4157385379076,205.76309430599213,136.3465816602111,486283.4951176255
2508.0609344504414,164489.7482474459,3970147.420653239,679.0178608894348,69.43552296608686,76.4119194149971,203.52551448345184,145.84744238108397,461065.2554068639
5230.479213406193,589209.3758016301,56612462.84126624,673.3825991153717,72.50462341308594,74.6545099914074,200.00262939929962,147.15913340449333,453444.1247913734
2781.215147010306,353303.8232406095,18833110.499381673,640.4734637737274,70.10934638231993,73.64828437566757,199.0896097421646,143.7576307579875,410206.25779831613
5564.411473078755,327704.79119935946,18562115.358285654,618.361738204956,65.90693591535091,66.73296244442463,195.02999258041382,132.63989835977554,382371.2392758546
1491.2943809311005,190278.48067942745,4385267.524466998,594.8957109451294,64.81628693640232,66.69199860095978,195.1636757850647,131.5082855373621,353900.90690091095
6599.831754642493,287413.7824343489,17920941.914377388,704.2164962291718,65.1086758673191,75.95773217082024,207.16891026496887,141.06640803813934,495920.8735612911
9379.990812018124,415692.69072370767,60081935.00906562,746.9244301319122,60.612202644348145,72.49474737048149,210.1336510181427,133.10695001482964,557896.1043278818
5523.2015856391845,377388.201369775,85331455.2804574,620.939724445343,63.231924779713154,64.22574968636036,196.3410757780075,127.45767446607351,385566.14139425854
6164.275387815581,437959.6960670145,18706790.46736736,715.3845415115356,65.41589161753654,74.5328336507082,207.23509299755096,139.94872526824474,511775.0422336701
1844.0817444253537,113045.47289113094,4458232.126916106,621.942281961441,68.79124660044909,72.95923285186291,197.95516884326935,141.750479452312,386812.20209140464
667.0008583108073,92124.92153003381,2638454.4452075283,496.82856702804565,61.53217741847038,58.900071397423744,185.92510390281677,120.43224881589413,246838.62501514127
1594.8312411387321,161783.61657985282,5524791.17463703,487.2468329668045,69.10339127480984,62.3335155248642,182.28336465358734,131.43690679967403,237409.4762361811
1330.7369367196554,230877.38466280003,4233914.098800595,650.4783699512482,63.89149162918329,67.82971768081188,199.37218105793,131.72120930999517,423122.1097744329
5126.271616080346,317238.4205503482,29023348.698868945,689.1646575927734,69.17315787822008,74.63334181904793,202.83560502529144,143.806499697268,474947.92527496465
1521.5155890976685,189064.2558545024,3114119.2379569015,636.5047700405121,64.83472454547882,70.4587240666151,199.8519160747528,135.29344861209393,405138.32228432514
5398.110635264707,388973.5325828224,19684003.06591734,674.5370805263519,62.50606842711568,67.73238475620747,201.80528450012207,130.23845318332314,455000.27300501417
5655.22148427311,291438.5166831477,44116515.45822894,670.9033076763153,70.21735565364361,76.53057542443275,202.5554437637329,146.74793107807636,450111.2482510206
6328.756208942336,480170.57378344226,15099326.535130663,693.1844351291656,56.86462727189064,64.60636712610722,203.41194212436676,121.47099439799786,480504.66110534046
5290.353452700644,250253.15629958943,30270104.388431814,653.4369230270386,64.77949996292591,70.08490014076233,200.20785665512085,134.86440010368824,426979.8123750439
3389.586624257615,359212.07170785416,23183074.429221336,625.0612435340881,63.80274034291506,70.08214348554611,198.40883326530457,133.88488382846117,390701.55816838064
1391.1352553659203,353254.78998939827,23277667.46439401,534.5260430574417,73.86494268476963,70.45496967434883,187.48882722854614,144.31991235911846,285718.09070664603
2334.416289607646,268273.25183810934,6051307.549711746,606.9189519882202,67.88458536565304,68.29295060038567,195.11560559272766,136.1775359660387,368350.61428247957
2992.4791045024494,218120.59244002184,14871986.877168572,628.84010887146,64.71423351764679,70.34605427086353,198.77117896080017,135.06028778851032,395439.88252546964
2188.101482136352,292785.20876690495,6269237.614123786,633.7720612287521,66.7932411134243,69.7450559437275,198.05099749565125,136.5382970571518,401667.02559414116
4045.080306946085,180127.7638776761,13444526.419373002,656.3532862663269,74.9184220135212,80.33574828505516,201.01225399971008,155.25417029857635,430799.6363926069
4964.972944740343,275470.8403749998,9771453.029711273,708.9064199924469,68.0427890792489,75.22717224061489,205.41433012485504,143.2699613198638,502548.3123065075
7290.845301137055,500248.81514450087,42066271.841598004,635.2615669965744,69.61928246170282,70.15792062878609,196.953795671463,139.7772030904889,403557.2585029432
2546.5779828040413,213501.67165202877,5796619.952223049,621.1917886734009,70.36592799425125,74.14688637852669,197.97037148475647,144.51281437277794,385879.23831525916
18304.69411321542,584646.7698355694,140100304.64284694,810.2605621814728,44.656457647681236,59.79938781261444,215.14412987232208,104.45584546029568,656522.1786266363
1990.348060840906,288890.53801111365,8842087.07001456,630.0995302200317,66.05492202937603,71.79916985332966,198.41935575008392,137.8540918827057,397025.4179835047
5828.768595769355,290839.77580041776,26253183.317614693,661.257114648819,68.90118597447872,74.88351382315159,202.0840117931366,143.7846997976303,437260.97167368134
5116.177711343848,360172.9160787457,29016261.49467848,595.5362601280212,63.6525921523571,66.44174893200397,193.88939559459686,130.09434108436108,354663.43712727015
5496.96184416148,419001.09007417626,27966136.671868466,626.8315577507019,65.12227513641119,67.78221048414707,197.59688937664032,132.90448562055826,392917.80179217155
13396.146993771805,462771.96117571084,58770651.98209784,670.1880276203156,58.421218141913414,64.27570337057114,201.5253278017044,122.69692151248455,449151.99236560886
768.9043195372711,73645.47621385613,3727245.6536035854,589.715961933136,65.70621138811111,67.30147361755371,193.65407061576843,133.00768500566483,347764.9157587239
2878.0388268549796,218550.30826915946,15355593.051598199,587.9449937343597,65.4472974985838,66.55861511826515,193.89259040355682,132.00591261684895,345679.31565729633
6028.705415994466,337890.90742714563,21334382.33784024,643.8057155609131,61.1332995146513,66.05491214990616,198.93519699573517,127.18821166455746,414485.79938889935
9809.711281369177,296104.72995235695,41674774.52138127,742.9832897186279,57.871423952281475,69.75994235277176,210.3878172636032,127.63136630505323,552024.1688011147
8708.943274700936,578138.3616399944,40390870.85901713,812.6808550357819,46.693082842975855,60.7665721476078,214.60847759246826,107.45965499058366,660450.1721416895
14308.139249658358,682892.5462524737,283752928.56803036,690.3485164642334,52.846386045217514,60.433559104800224,203.83937168121338,113.27994515001774,476581.07418436796
2311.1828504958858,200132.00078817562,26657649.950710718,629.068558216095,70.04358220845461,73.38987989723682,197.86871099472046,143.43346210569143,395727.25093607645
3061.7788567804105,264952.8269192258,7367818.000099923,694.718337059021,60.438694186508656,70.85238216817379,205.64511609077454,131.29107635468245,482633.56784605153
4076.1745671947815,451814.40756610234,38097587.50362281,706.3110113143921,55.63572223484516,62.66475094854832,204.36940801143646,118.30047318339348,498875.2447039593
3538.790866922847,483459.58577621286,6818798.7599825775,704.7690033912659,58.42352531477809,66.09278891980648,204.42880368232727,124.51631423458457,496699.3481411181
12259.321029157794,450890.38989973813,95302241.45281133,684.9185535907745,69.18848662823439,76.0938736051321,203.82136809825897,145.2823602333665,469113.4250528787
6118.197505209473,607303.4395709356,26662587.373858493,740.875655412674,52.501428097486496,62.262472584843636,208.61692440509796,114.76390068233013,548896.7367831592
3938.315751385181,320842.63594761246,23547873.312120683,682.7146832942963,63.48979331552982,72.85381945967674,205.5119630098343,136.34361277520657,466099.33878563123
9082.249899453285,529167.2258944865,57001179.07123137,771.7951164245605,50.52642124891281,65.35702869296074,212.22940587997437,115.88344994187355,595667.701736801
3717.2635828893813,216119.16144245636,14759646.621747179,718.7027781009674,72.02078633755445,81.51762194931507,206.97931003570557,153.53840828686953,516533.6832500484
2970.2039941557873,232860.89428252363,13406627.225996224,680.2200748920441,60.310112312436104,68.98427106440067,204.34341597557068,129.29438337683678,462699.350286138
3233.857210274815,289199.57346331154,15609677.776442006,612.1366081237793,65.79835198819637,66.5011604577303,195.31572568416595,132.29951244592667,374711.2270052853
12321.425624957896,526526.2233930664,49804377.84482322,704.0197539329529,60.390720665454865,67.873997554183,204.6510819196701,128.26471821963787,495643.8139278155
11297.84141826142,374371.5282296183,100536795.58494203,651.4024696350098,71.36950196325779,74.05772085487843,199.29606711864471,145.42722281813622,424325.1774465898
17847.954286986514,459233.2152407144,83322342.826652,640.3150990009308,64.8202300593257,70.04619294404984,199.59406697750092,134.86642300337553,410003.4260085718
4073.1844285426496,165502.29989023015,11322143.174983658,639.4639158248901,74.57217846810818,77.01684990525246,198.69346940517426,151.58902837336063,408914.0996421022
5849.2459207896,292675.74447964726,30863250.165590882,646.7770204544067,59.06510070338845,64.61923722922802,199.20335948467255,123.68433793261647,418320.5141878801
2135.1597602520783,345629.2794788385,11557979.531866316,667.5868854522705,57.685494631528854,61.45297256112099,199.9168599843979,119.13846719264984,445672.24962786294
9102.973433461171,406505.0833015035,67284852.28027411,701.6293222904205,62.811549849808216,68.45326398313046,203.32548010349274,131.26481383293867,492283.7058977148
4422.387990768278,234381.73095396304,19001201.706095666,637.5799896717072,67.87640310823917,73.28000789880753,199.57647025585175,141.1564110070467,406508.2432297742
4283.2824429438,288495.0584391033,17471032.720846284,686.5521214008331,63.42096000909805,70.9147257655859,204.3596167564392,134.33568577468395,471353.8153999843
2689.294822365077,352277.58756167785,12193429.284095678,625.6902530193329,60.65679055452347,65.98685467243195,198.67993772029877,126.64364522695541,391488.2927233968
5546.186639383912,498199.0749214085,22762406.356439594,717.7226948738098,58.224629689008,67.2835873812437,206.58324944972992,125.5082170702517,515125.8667369239
4039.137173730113,402532.12090624985,8328923.8876462085,702.1218613386154,54.06262434273958,64.04900881648064,205.3779684305191,118.11163315922022,492975.1081696019
3231.236855876353,245174.76577934204,18101397.56649109,611.168753862381,59.13792170584202,62.828410893678665,196.76080584526062,121.96633259952068,373527.24569769565
11839.931068332351,412270.398347695,51535944.60808587,710.0744640827179,53.0390492901206,61.97356069087982,206.14945673942566,115.01260998100042,504205.744542359
7079.998722667793,401850.68645174673,33844399.56847517,659.3089978694916,60.15570890903473,64.00798566639423,199.77030670642853,124.16369457542896,434688.35467167327
2996.4626948096275,281485.6050537454,25414375.599872157,614.9608883857727,65.81658983975649,68.5838314294815,196.75167798995972,134.400421269238,378176.89424421877
7772.139059651315,352442.87200611405,109033654.98332421,681.4918162822723,61.486698500812054,66.1924105733633,202.09936356544495,127.67910907417536,464431.0956597104
8367.59452335677,646944.7759368537,31503840.811477873,680.5217299461365,60.78442558646202,65.93857772648335,202.12437903881073,126.72300331294537,463109.8249288823
5238.401203614989,419606.1395701882,14456296.23367426,703.0670249462128,54.91871997714043,64.93385443091393,205.21376430988312,119.85257440805435,494303.24156671856
4329.458460885472,297827.7306385313,13180358.270901477,712.2448239326477,60.576755311340094,68.67621088027954,205.34611332416534,129.25296619161963,507292.6892188483
7743.717925406259,591807.6438180325,77607704.8693022,712.9899196624756,50.974955186247826,59.86580231040716,205.61613047122955,110.84075749665499,508354.6255403034
3511.8959994754086,380875.7795047987,16137535.095259355,735.1834032535553,58.85224376618862,66.56919233500957,207.53683817386627,125.4214361011982,540494.6364194797
2163.9111342998044,207834.1659227173,20281323.03355062,589.2982003688812,63.96466998755932,66.52820771932602,194.60075056552887,130.49287770688534,347272.3689580021
2023.2957210363797,302379.4336441817,6063775.047958029,659.5835363864899,65.59182699024677,71.57408502697945,201.44902896881104,137.16591201722622,435050.441472108
11046.508587329408,638912.8750189207,327649680.71556866,708.0734720230103,55.310926869511604,62.967493534088135,204.92817795276642,118.27842040359974,501368.0417827207
11274.785619278644,676122.5886341019,65342278.05088983,694.4243693351746,59.066770158708096,66.62776707112789,204.01701080799103,125.69453722983599,482225.2047265549
11616.892935684453,808744.3232000368,132491023.8042018,740.2465379238129,57.96643728762865,69.6123433560133,208.6953158378601,127.57878064364195,547964.936908191
5945.039447870118,356063.5575572892,169481078.42308637,531.3242934942245,72.90637170523405,69.13575913757086,187.36871778964996,142.0421308428049,282305.50485713687
14702.75249538038,905070.6211106245,234319418.41303104,733.5111849308014,53.61977310106158,63.13169313967228,207.259375333786,116.75146624073386,538038.6584185883
8358.83267083967,458841.62645027786,25063682.008431226,724.7961211204529,49.70924053713679,61.357717394828796,208.42094886302948,111.06695793196559,525329.4171912542
2421.7415824640334,198772.0706628818,5813566.916720457,653.92822265625,67.91464861482382,70.47809121012688,199.6605635881424,138.3927398249507,427622.1203863621
6267.185158460205,448434.9390619572,18707512.91040717,634.4027032852173,63.237088054418564,67.01612514257431,197.81401944160461,130.25321319699287,402466.78993559146
7784.57293326153,787169.867273039,30321107.930578463,759.7334957122803,45.215274419635534,57.3176456540823,210.6385074853897,102.53292007371783,577194.9845072014
3469.8008507512695,364072.9971739973,15753840.146076364,730.6447789669037,57.7573017179966,68.14037561416626,208.0287344455719,125.89767733216286,533841.7930315955
2861.884450468599,361067.2490273018,4619453.9700539755,675.9977450370789,53.53930365666747,59.42462708055973,201.5832542181015,112.9639307372272,456972.95129521546
10714.40468980393,620946.1282974337,100453556.7879467,756.8097760677338,49.73213342577219,57.51263263821602,208.30502808094025,107.24476606398821,572761.0371516934
5972.449551963698,479367.242302379,18298220.655414447,739.4827020168304,62.38909166306257,73.0521979779005,209.21904909610748,135.44128964096308,546834.6665821124
8439.673331414018,595596.6174889475,60229526.09443432,740.0655264854431,58.461663492023945,69.37478968501091,208.70361173152924,127.83645317703485,547696.983492176
7349.372135246234,358687.3367126286,21290059.492600545,746.5550720691681,51.30094072967768,63.10141947865486,210.2956247329712,114.40236020833254,557344.4756322007
11084.472091247686,725752.7352233581,49411182.831102334,726.7519499063492,56.50039127469063,67.5118776857853,207.4712301492691,124.01226896047592,528168.3966926807
10465.94819118783,832748.0090419127,59104413.848758906,792.7604916095734,49.052689492702484,60.497091859579086,212.50303733348846,109.54978135228157,628469.1970570524
6712.565362515067,410717.44873843377,69045197.04136714,717.3914270401001,54.98100458085537,63.48741239309311,206.20407056808472,118.46841697394848,514650.45959063125
3602.177057851647,324780.2038430541,12387965.93290484,729.3245890140533,56.064372420310974,64.93882183730602,207.2856159210205,121.003194257617,531914.3561405179
2967.2166488526523,178505.15126624226,21052623.522365015,656.1173865795135,71.73407028615475,76.56978391110897,200.75121772289276,148.30385419726372,430490.02497193083
2677.989082696678,296712.2712281004,13434278.169359582,660.5718238353729,59.574242785573006,64.65948900580406,200.35783660411835,124.23373179137707,436355.13444519095
6589.958291868919,705782.1686834639,82082044.08321525,719.1942081451416,55.60026289522648,63.63162836432457,205.90337991714478,119.23189125955105,517240.3090295173
3518.1629325061213,238039.3658112662,29752591.336267274,675.3806867599487,59.27860826253891,68.35370506346226,204.06482553482056,127.63231332600117,456139.07204834
4315.827951894636,396343.68097700144,57875727.695375584,675.188499212265,58.664228454232216,65.1680975407362,202.6022402048111,123.83232599496841,455879.5094685108
3796.0602319858344,316077.77670298534,13999147.289368242,722.0197110176086,57.40002755075693,67.96286724507809,207.7162128686905,125.36289479583502,521312.4630979511
17615.630797690523,817657.6823439578,1059492798.8921467,762.5456626415253,51.57388758659363,64.08493080735207,211.235671043396,115.6588183939457,581475.8876134029
6148.3776786410035,627720.9002882658,25883733.64810375,733.9567999839783,62.37708903104067,72.00735633075237,207.3810749053955,134.38444536179304,538692.5842427214
3655.5557928816766,176809.72250838717,14161105.62779833,630.8219803571701,70.99616471678019,74.75896592438221,198.65408158302307,145.7551306411624,397936.3709017419
6535.478380570484,378066.930157559,40546124.67932962,673.168167591095,58.66273821890354,62.72405405342579,200.90587627887726,121.38679227232933,453155.3818579525
5322.787977987401,285111.2662529003,29961761.475167923,679.8290650844574,59.5536278039217,68.20397487282753,204.71108865737915,127.75760267674923,462167.5577336074
3373.7207277919765,307510.7628412535,13832401.940367095,692.5449917316437,55.84043426066637,64.91019979119301,204.35438668727875,120.75063405185938,479618.5655725824
6193.7971874128825,769728.0779101595,70066692.60933994,724.5132822990417,59.26219096034765,69.87715710699558,207.61392724514008,129.13934806734324,524919.496227731
5503.796141566449,349748.5418984659,97412844.12858784,695.1515328884125,59.035845786333084,66.56644982099533,203.8974850177765,125.60229560732841,483235.6536771096
6807.036892492035,454466.0093019678,70300728.76471,699.0432987213135,56.13279505819082,63.26605986058712,203.961270570755,119.39885491877794,488661.53348717553
4530.562956750381,451915.0592841907,21585069.35427023,711.4200990200043,58.06319488584995,67.13094779849052,205.82985281944275,125.19414268434048,506118.5572896327
6573.543169935244,501293.50422032335,58692887.28531665,699.7561454772949,59.08439580723643,67.17968870699406,204.61354053020477,126.26408451423049,489658.6631332411
17260.894846690935,1258670.4164605653,106658328.97017714,767.2087159156799,44.34071124717593,57.23577016592026,211.16292023658752,101.57648141309619,588609.2137769865
2443.6025709038904,315749.9440717702,4495052.778090099,641.2641960382462,58.69761782884598,62.50136461853981,198.0996057987213,121.19898244738579,411219.7691205782
15092.870386086066,697535.6321222427,301430957.42061186,731.9935853481293,57.464804366230965,69.29639999568462,209.2327525615692,126.76120436191559,535814.6089908091
13034.406949848108,612872.4923492207,60626181.563761406,684.4637124538422,70.09642204642296,75.50668008625507,202.56429946422577,145.60310213267803,468490.5736660959
3118.3331825273603,212564.82916406213,23260954.957542647,661.3379421234131,55.5829543620348,61.54753051698208,200.9761097431183,117.13048487901688,437367.8736920309
6444.486062673873,868080.0901065075,30239882.24323382,700.2843196392059,62.98647113144398,68.29545752704144,202.93115043640137,131.2819286584854,490398.1283325455
10796.646888609537,784599.4527212533,291125066.71888816,735.0506653785706,52.308488201349974,60.19348946213722,207.211688041687,112.5019776634872,540299.4806734793
5369.52603458922,477064.88224881055,14100762.421669852,635.1871497631073,61.62627803534269,63.45523901283741,196.81746232509613,125.0815170481801,403462.7152241801
3614.6262673770116,553152.1098467675,60158675.66476486,697.4338092803955,53.676247119903564,59.907008454203606,203.72016727924347,113.58325557410717,486413.9183273631
3865.526272392922,324572.2379431315,18476266.78753773,552.1914660930634,66.78567999601364,67.77766846120358,190.46589314937592,134.56334845721722,304915.41522600676
7701.368435516744,402955.2266238811,74547292.62785752,793.0015089511871,54.712269097566605,70.17788362503052,215.46416056156158,124.89015272259712,628851.3931988598
11349.761700030445,919172.883333644,43413834.47068216,730.06840467453,53.49876783043146,64.59170144796371,207.6240255832672,118.09046927839518,532999.8755040134
5232.244448238454,535199.4261950483,39101932.286207564,676.3769669532776,54.55288626998663,60.787471145391464,201.2877390384674,115.3403574153781,457485.80142491515
13862.258750602012,573335.6432119347,79342111.30663706,735.5194890499115,57.76195278018713,67.09858198463917,207.7061128616333,124.8605347648263,540988.9187722428
21379.19751768964,932933.5000433514,230955136.916764,813.2525773048401,39.70291616395116,53.6803175508976,214.047788977623,93.38323371484876,661379.754492965
14454.219742411164,608136.0063823849,48872080.66883449,693.6501860618591,55.24254161864519,59.25521458685398,201.95685052871704,114.49775620549917,481150.5806236518
18196.50160706701,768427.8984688775,66763887.89816192,738.2844004631042,59.2278029024601,71.24604752659798,209.44919061660767,130.47385042905807,545063.8559671653
6149.993115420293,523263.5923506724,45331662.1718775,727.1967494487762,52.25427223742008,62.11507812142372,206.80815613269806,114.3693503588438,528815.1124088663
2947.2331563203643,384560.2519942977,12592200.191451408,629.6520125865936,64.73361981660128,67.5524784475565,197.60189747810364,132.28609826415777,396461.65695434785
9696.13384801842,593828.0474401718,117599618.88709871,735.9611699581146,59.00737938284874,67.86189340054989,207.0278800725937,126.86927278339863,541638.8436861169
8320.721526027248,724984.4117856934,49301031.74689581,752.2158010005951,50.866733994334936,61.075729101896286,209.0282312631607,111.94246309623122,565828.6112749669
9801.555449043653,398869.2670600544,122290724.06407937,647.967631816864,61.36830277740955,65.24430507421494,198.86826062202454,126.61260785162449,419862.05188235507
10310.38598493378,572736.6882850138,35633449.7902035,702.7535302639008,58.36553619429469,64.81154489517212,203.3959836959839,123.17708108946681,493862.5242983753
15182.379864400953,792744.190755538,142141412.68097177,729.1005861759186,55.45769637823105,66.07952451705933,208.1592800617218,121.53722089529037,531587.6647620681
17624.957302185863,689409.6952962086,221971833.8269898,746.9177353382111,53.12265383079648,63.05589707195759,208.30846548080444,116.17855090275407,557886.1033627619
10961.95387099258,570315.5911959587,164602754.98631868,701.104287147522,57.57949374616146,63.75451868772507,203.60937762260437,121.33401243388653,491547.2214566349
7491.293265195649,618446.6977551645,46881118.742334396,790.7362077236176,49.168702483177185,61.97574831545353,212.8343118429184,111.14445079863071,625263.7502051281
10021.780255449927,547075.1677253033,131568702.93621263,775.7936627864838,53.421627305448055,63.593149930238724,210.34469509124756,117.01477723568678,601855.8072196685
10692.398347674995,747554.8002193117,48216143.30084615,753.3731687068939,52.3885150924325,63.07171808183193,208.78723180294037,115.46023317426443,567571.1313274661
3995.8820366292175,544155.4545061007,20126097.41766506,659.1823177337646,60.690940737724304,65.53457590937614,200.53907299041748,126.22551664710045,434521.3280128579
6255.380562846772,546043.6799564091,29954918.182362564,667.2291365861893,61.74801915884018,65.17470946907997,199.41474497318268,126.92272862792015,445194.7207095516
10079.613858042769,906901.731734208,192084328.02416897,755.6533646583557,56.874638844281435,66.24438740313053,208.27998220920563,123.11902624741197,571012.0075194939
12697.884103922397,672319.0875629447,55018064.82215808,688.6880536079407,60.37035554647446,63.90107038617134,200.65249633789062,124.2714259326458,474291.23518229375
2710.946578005276,483308.4613395238,9275493.894166166,604.6121100187302,52.449991412460804,53.67057664692402,193.94119668006897,106.12056805938482,365555.80358130106
3473.256370777029,320292.07197923807,9826912.676705189,682.845644235611,61.576592303812504,68.2869483679533,202.3088699579239,129.8635406717658,466278.1738515466
4885.501636210214,369972.5532016404,13251772.484515,634.0691803693771,59.32313387840986,62.19976697862148,197.27069211006165,121.52290085703135,402043.7254942937
21045.914146543433,1359226.7020223693,205962368.37982246,864.7073311805725,43.62830072641373,61.11244077980518,220.0351402759552,104.74074150621891,747718.7685974283
3355.9561955557638,284229.9683854472,14137299.722195411,691.520756483078,64.41003086417913,70.9340655952692,204.0692629814148,135.34409645944834,478200.95664692845
4399.40652131586,533589.6931691088,28113802.400439464,681.6233699321747,59.48953370004892,65.24529604613781,202.93379843235016,124.73482974618673,464610.41843769426
8385.19706269506,920938.5556762799,52321504.39156015,802.5474679470062,39.038950607180595,52.19206486642361,213.68388772010803,91.2310154736042,644082.438308151
3284.6701777644826,191117.56292555074,9092773.120656556,675.3345115184784,67.23283442854881,72.15019334852695,201.98135614395142,139.38302777707577,456076.70244790183
7925.672622607378,918507.3740270217,71623861.61171506,780.8806343078613,48.15264271944761,59.5844002366066,210.9961415529251,107.73704295605421,609774.5650370478
5917.755087039216,1144835.06592134,163823554.9263382,687.2681701183319,54.958314411342144,60.207884311676025,201.7261267900467,115.16619872301817,472337.5376578004
13111.49851736905,1027133.0594942314,97226863.52744691,777.9089171886444,46.514345694333315,59.46389298141003,211.32732951641083,105.97823867574334,605142.2834416092
18655.450876469356,743768.1785327161,231743618.64373803,700.9825918674469,63.56123907864094,68.35655809938908,203.07297718524933,131.91779717803,491376.5941012036
9262.848860987055,876832.8217114806,114531630.54324533,739.2551203966141,59.513112869113684,68.26990117132664,208.20650839805603,127.78301404044032,546498.1330326124
16321.478818360547,693656.6349603233,152102487.9847501,716.5839715003967,56.20743890106678,67.27220818400383,206.84689688682556,123.47964708507061,513492.5882112814
32366.55182190385,1252538.0413905506,345308180.78153604,703.6353325843811,47.29834944754839,53.58065648376942,203.2496874332428,100.8790059313178,495102.6812611326
4620.768496530992,308051.76613068604,17596909.246737998,570.8758182525635,60.278582125902176,61.60433232784271,191.80744850635529,121.88291445374489,325899.1998655339
12392.163864459102,751320.5568803198,73090515.74556974,742.3481838703156,51.20088094845414,61.63622272014618,208.57745158672333,112.83710366860032,551080.8260955558
5264.794905981265,581220.4404428864,23454629.793947767,657.9610818624496,58.58449491113424,63.26757650077343,200.1879575252533,121.85207141190767,432912.78524560516
24776.68128347529,649130.7788813073,619424525.4878349,736.4602496623993,48.700900204479694,60.09418919682503,208.97019958496094,108.79508940130472,542373.6993328035
11906.935565237978,513837.3157648691,152843091.37978014,781.3700923919678,55.454600885510445,67.84572820365429,212.23387598991394,123.30032908916473,610539.2212846322
16588.433668427897,999197.9471446724,626482914.5881171,714.5705649852753,48.91503033787012,58.54731938242912,206.13278687000275,107.46234972029924,510611.0923433755
20201.19612352795,1010781.3507961463,356037078.7634329,785.983913898468,47.009177852422,59.07033312320709,211.6760470867157,106.07951097562909,617770.7129071543
47468.96889138016,1217065.5350847247,1284421027.0548055,705.1494014263153,48.67151664569974,55.001819744706154,203.6234836578369,103.6733363904059,497235.6783318908
25837.881061785705,1174122.813602527,287459877.35897547,716.2210059165955,57.881061509251595,65.5165493786335,204.6548206806183,123.3976108878851,512972.52931617986
3550.332360687068,441026.7719031612,27104878.196400832,625.9416382312775,67.5724673718214,70.7924923747778,196.51045083999634,138.3649597465992,391802.93447165546
14977.62037227423,803138.5288235443,153120170.97836974,682.0015156269073,60.352742947638035,66.3803346157074,201.80754458904266,126.73307756334543,465126.06731739873
30967.633690852912,1240392.4800460227,1300920042.2191498,806.0890545845032,49.75710901618004,63.3970742970705,214.1059935092926,113.15418331325054,649779.5639209382
6280.365158774925,482406.35624085413,112630526.24202235,650.217129945755,59.774306546896696,62.527201265096664,197.98974239826202,122.30150781199336,422782.31607489486
23193.934064718793,637893.6365844922,592821957.6946412,734.1631982326508,51.400187097489834,63.619637563824654,208.71515548229218,115.01982466131449,538995.6016391944
18187.50341168389,1151187.9882035125,1099654637.6520283,716.4665517807007,57.235896214842796,65.23592010140419,205.9231823682785,122.47181631624699,513324.31982052745
15836.780040915517,1303555.308143636,163957592.55259958,756.9025883674622,46.19354747608304,57.3635546118021,208.53926408290863,103.55710208788514,572901.5282773639
4863.317574354242,346930.19230724947,15476634.563420601,631.2192034721375,58.9054731875658,60.37925460934639,197.0716508626938,119.2847277969122,398437.6828319997
21340.18145191623,1242922.16307486,131645144.53100741,738.5699410438538,51.73573545739055,62.98157446086407,208.44058549404144,114.71730991825461,545485.5578135216
44588.673397474566,1430170.3939217597,541851585.3565688,811.862555027008,47.45608640089631,61.82148835062981,214.70298862457275,109.27757475152612,659120.8082549816
3824.721113202527,581488.467573638,16693694.600960687,691.5934925079346,53.59264415130019,60.168503522872925,202.6915099620819,113.76114767417312,478301.55887932255
12295.5543384041,620881.0457164814,61849879.891264655,705.8498175144196,55.67592891678214,63.554993614554405,205.00392627716064,119.23092253133655,498223.9648851394
13747.930368897169,1097726.4854081478,63233340.4292494,822.4142961502075,46.27096734941006,61.77005775272846,216.0818291902542,108.04102510213852,676365.2745122412
10896.116129567554,520052.26106986817,55091505.64868078,781.5655312538147,54.07701163366437,67.50454424321651,212.8443707227707,121.58155587688088,610844.6796440576
5671.21128111705,233736.4481525461,16285356.267753107,595.7631530761719,60.30533292889595,63.56051808595657,194.21990704536438,123.86585101485252,354933.7345632622
7582.12735457519,1052685.0701590094,138766964.1778571,720.4284284114838,51.5405251160264,59.76341371238232,205.4830663204193,111.30393882840872,519017.12046344037
9724.310609421918,989766.959440052,94249586.9960275,789.5845427513123,45.99743665754795,57.91148428618908,210.97687900066376,103.90892094373703,623443.7501517988
8508.654551050364,681381.9668305627,119722035.84919961,730.9427783489227,48.73649128526449,58.368125572800636,206.6829651594162,107.10461685806513,534277.3452204424
15054.180017197777,1320173.6003689219,302160345.8335077,812.234655380249,43.73173653334379,58.37703910470009,214.7531088590622,102.10877563804388,659725.1354006719
5973.315083816936,388858.39997258707,45460203.56611536,754.6010484695435,52.45101000368595,63.954633980989456,209.9318299293518,116.40564398467541,569422.7423513343
