energy,jerk,torque_change,vfe,kld,bs,un,ig
14.99509058958766,152.615243126722,479.88775565627117,201.70152962207794,32.919406443834305,20.205409437417984,155.92908549308777,53.12481588125229
16.432962670663404,158.68888420882473,536.2144331134044,201.18278396129608,32.53183227777481,19.980000481009483,155.92304491996765,52.511832758784294
18.806019839779065,131.79121979726943,446.15095476517746,197.63898706436157,29.87092050909996,18.35597214102745,155.85535955429077,48.22689265012741
13.767398527693098,213.31486184598677,595.3483339334919,200.22292459011078,31.791791796684265,19.54383585602045,155.90605866909027,51.335627652704716
14.694023574720172,137.97476840083328,428.51892644897697,198.86816585063934,30.886193126440048,18.920890018343925,155.88351273536682,49.807083144783974
13.718419044534347,244.31373139521492,817.9425641384121,205.4568314552307,35.6904698908329,21.912233248353004,155.99470484256744,57.602703139185905
22.385709868946254,223.9071604214924,396.6574638940134,205.00887942314148,35.29535049200058,21.70830476284027,155.98113799095154,57.00365525484085
13.020433233068129,257.82107506423506,701.1813911238785,201.42601227760315,32.765713915228844,20.089980900287628,155.93084812164307,52.85569481551647
19.499573870454004,124.49164837835067,546.6466450320985,212.46177279949188,40.630518302321434,25.090013176202774,156.15077018737793,65.72053147852421
12.766235852486497,220.86340736286232,650.8471038959054,199.8266086578369,31.61657875776291,19.35207885503769,155.9029997587204,50.9686576128006
14.401474303440764,208.86597100952432,647.0587894860248,199.89446985721588,31.66138556599617,19.397100910544395,155.9057558774948,51.058486476540565
13.899404845478422,243.69624171925346,1067.8825834996019,207.331538438797,36.911767452955246,22.752185501158237,156.07292330265045,59.66395295411348
14.172929192059797,140.45083626968923,1006.0203674469152,208.35702526569366,37.18359296023846,23.17367782443762,156.10913157463074,60.357270784676075
22.632019290369193,78.33301065092881,307.9901603898214,205.7923707962036,35.72653594613075,22.044697768986225,156.01693630218506,57.77123371511698
9.714632089599949,335.88519515944085,1346.3571134380745,209.77372860908508,38.91330920159817,23.887778885662556,156.0732457637787,62.80108808726072
15.062556389638653,173.29278852025823,466.1676231624637,198.84124100208282,30.529957935214043,18.878628589212894,155.90328931808472,49.40858652442694
9.544185594438604,191.47353398006845,886.3007621198536,210.4859207868576,39.36801555752754,24.199655272066593,156.0892140865326,63.567670829594135
15.999206699572314,329.9256844930767,1133.7236746637757,211.94978046417236,40.36691579222679,24.840563260018826,156.1578801870346,65.20747905224562
19.52002886104131,58.34918906085766,491.59949236673845,207.23549818992615,36.48962242901325,22.677127681672573,156.06695449352264,59.166750110685825
17.787102095373882,101.86654279756506,422.68960703738964,210.23433697223663,39.25016941130161,24.088093258440495,156.07882642745972,63.33826266974211
19.17211672677728,216.10228743576332,771.6464092032062,213.00676023960114,39.72111043334007,25.204294688999653,156.30456233024597,64.92540512233973
16.998171919439322,161.83813375099956,960.2786243690035,206.48310458660126,36.58552911877632,22.376178227365017,156.0225201845169,58.96170734614134
24.34924470858252,255.3069230572047,725.4976922816593,205.4883085489273,35.565618231892586,21.92948481440544,155.98510801792145,57.49510304629803
14.527978713366492,194.73550178818763,772.6441754148436,202.07011806964874,33.00006365776062,20.361678391695023,155.95964121818542,53.36174204945564
22.06998203599625,205.05262204864408,1566.1130833881105,213.39975953102112,41.1936941742897,25.505115941166878,156.20556211471558,66.69881011545658
11.172901898028746,204.39413839630276,1206.7181536590847,218.86261796951294,43.14510376751423,27.71432226896286,156.61328077316284,70.85942603647709
17.993803920309475,313.9528513728703,1645.3461614924252,203.52091324329376,34.229890778660774,21.04714196920395,155.96187710762024,55.27703274786472
12.260456518024581,258.0084770471577,1190.3760313856235,220.8828582763672,45.55396342277527,28.82629642635584,156.41638696193695,74.38025984913111
16.306287502746187,150.08742508777337,1046.0377038672054,227.30208587646484,46.96695487201214,31.329552367329597,156.93603014945984,78.29650723934174
29.022832499576918,221.51399459010034,1393.531925056265,221.25564968585968,46.44506558775902,29.000014938414097,156.38230752944946,75.44508052617311
29.140264513334536,292.0265743476313,2846.332241260534,222.6253343820572,45.82566790282726,29.452892161905766,156.62182927131653,75.27856006473303
11.077811624172703,149.52755175647965,805.4476939551903,221.57206416130066,44.98407055437565,28.996812283992767,156.6173940896988,73.98088283836842
25.346154375078726,45.39142782044567,542.5142518610273,219.12816262245178,44.32214792072773,28.00414688140154,156.40941739082336,72.32629480212927
17.86941609959714,258.7783345842897,1146.1608823032802,219.95163357257843,43.42221327126026,28.12084424495697,156.70145225524902,71.54305751621723
16.71633968880323,122.3113671886086,1030.2896578468722,225.17752742767334,49.30338844656944,30.826257273554802,156.43791723251343,80.12964572012424
33.43867398060206,69.28025571008138,730.3166629375264,229.44285023212433,50.08437979221344,32.514747112989426,156.8283327817917,82.59912690520287
11.717306988991279,169.3724281638944,1034.9782812343938,231.08061337471008,49.42736841738224,32.92866085469723,157.10132956504822,82.35602927207947
24.19094234789136,243.6429494463743,1323.7343528740055,210.39152824878693,39.71593111753464,24.145387887954712,156.10312354564667,63.86131900548935
23.160950393078764,474.9304348710119,2621.0155860693326,216.26777958869934,42.17614226043224,26.717471465468407,156.3697772026062,68.89361372590065
42.333797525158886,1314.343955984555,5650.906068217954,226.23184430599213,44.342212453484535,29.396007612347603,157.59112095832825,73.73822006583214
38.107901649869554,160.41798483560106,2374.222382948918,226.68357264995575,47.47874101996422,31.14270655065775,156.78895020484924,78.62144757062197
17.587797239164413,121.2526941866243,880.8218097036269,215.86603140830994,41.66957798600197,26.506769999861717,156.39206182956696,68.17634798586369
22.577578812319185,174.94822260639853,1440.560422364107,231.82376432418823,49.71671865880489,33.081816770136356,157.2412062883377,82.79853542894125
20.09067815358573,202.9169262437895,2078.5519370081856,232.4918693304062,47.32537207007408,32.97207557410002,157.74095714092255,80.2974476441741
54.383125500174714,271.6789820453576,4942.007168752065,249.04190611839294,55.408862233161926,39.42843510955572,158.78023481369019,94.83729734271765
37.42296037355309,401.6503691987459,2710.804606883393,235.8733252286911,46.86998538672924,33.64561273902655,158.33968377113342,80.51559812575579
13.955025801923549,185.77086975595114,1358.2916917911944,214.6863261461258,41.56891477108002,26.011158384382725,156.26063787937164,67.58007315546274
33.48633209746714,496.32415781011395,4032.8279215202824,246.91414666175842,60.595331966876984,40.06588553637266,157.45367205142975,100.66121750324965
62.26228383310645,793.234507433482,9127.9768572609,266.3881117105484,62.97608254849911,45.13190931081772,159.97968566417694,108.10799185931683
42.62309570242234,213.28917129162352,2627.2182555013055,242.04818677902222,51.115647062659264,36.23682688176632,158.60116517543793,87.35247394442558
36.13252965937353,183.18847995255058,2479.84750800539,225.72256803512573,48.88290436565876,30.806320309638977,156.82269489765167,79.68922467529774
32.26946524416979,488.88039746907066,2931.736774390767,242.4960252046585,53.35716998577118,36.98193869739771,158.18346524238586,90.33910868316889
32.71631263294174,394.57602343591066,3370.1266283113027,222.68127059936523,47.00535137951374,29.62855926156044,156.4894425868988,76.63391064107418
45.15546080928067,478.774221678031,4817.176535266729,240.41183626651764,56.91189098358154,37.119835183024406,157.3757529258728,94.03172616660595
53.9424086228946,813.0616017620848,5038.432512945202,242.71860587596893,55.75973902642727,37.266808077692986,158.01084637641907,93.02654710412025
32.11554660732665,549.379009914861,4059.363147613639,240.44546806812286,52.32976880669594,34.61743853986263,158.0322540998459,86.94720734655857
28.864210465849382,263.8889078976716,1813.0465868058893,245.45901215076447,59.614906057715416,39.42311705648899,157.4398283958435,99.0380231142044
95.01337239990116,1327.3792276992313,14115.886411169373,284.1067131757736,69.96367982029915,50.89965344965458,160.77381348609924,120.86333326995373
40.559717503944626,803.0050383130207,4153.371479310892,252.1568785905838,61.53862616419792,42.15789970755577,157.8888280391693,103.69652587175369
49.117007875476396,377.0140055794127,3779.247909623687,276.9935895204544,71.72090882062912,50.41053871810436,159.98705577850342,122.13144753873348
53.39527614742698,205.77420395630068,4078.720533158074,245.6639586687088,54.905140444636345,37.98766113072634,158.63132894039154,92.89280157536268
42.03336483227262,586.6419154362801,3456.574312950285,220.6825374364853,44.28463105857372,28.369941420853138,156.73479747772217,72.65457247942686
41.237836831757186,822.0491925834225,7007.930257310693,235.92107605934143,49.830814972519875,33.39203928411007,157.94776892662048,83.22285425662994
50.81658757025295,477.6617978635214,6291.491530547217,230.63941729068756,48.63587449491024,31.671569794416428,157.41880130767822,80.30744428932667
80.45234061349166,1270.5373942996296,11102.14295050822,272.32908976078033,71.81398397684097,49.61572344601154,159.24882674217224,121.42970742285252
63.472207431174084,686.8004050458352,6325.337496470518,235.81816041469574,52.394858717918396,33.41377930343151,157.64699494838715,85.8086380213499
147.8585120409022,2168.243304041519,26671.001375305146,318.1534699201584,70.42947518825531,55.15607140958309,166.06195259094238,125.5855465978384
47.45800197481339,346.40818830260173,6266.670567476207,287.90647089481354,59.81275388598442,46.77523083984852,163.99810755252838,106.58798472583294
43.1230484935705,311.752989207196,2283.940420762213,217.54723703861237,43.57382880151272,27.30964285135269,156.33837735652924,70.88347165286541
57.8694881275824,732.0995999801459,6196.278010321271,273.89379143714905,67.96322599053383,49.95957192033529,160.03988456726074,117.92279791086912
124.7469632111914,1739.6105317921347,20285.664480028507,265.54956328868866,58.84046672284603,40.86790078133345,160.38957929611206,99.70836750417948
36.21690116158886,377.2341025927787,730.1599256638782,233.32417738437653,49.893478721380234,33.3089659884572,157.6583890914917,83.20244470983744
63.6769691205402,339.6659854070359,7752.587517705802,267.03532242774963,65.5117457807064,46.70996195822954,159.89291989803314,112.22170773893595
66.1062370213669,350.22803194770023,4245.8415736844345,302.5935401916504,59.47754031419754,46.56137013435364,165.150661110878,106.03891044855118
46.361051279313244,492.0441127476071,5390.646497869168,231.99784409999847,48.59845449030399,32.39468479901552,157.76149809360504,80.99313928931952
55.26264527898409,226.3800326106789,3833.384383594159,280.5500431060791,60.8723111897707,47.036517307162285,162.720010638237,107.90882849693298
36.63241336931753,441.7931035118665,3653.373671461371,233.02717053890228,48.59024354815483,33.20229288190603,157.70408952236176,81.79253643006086
51.12355807713534,1056.0829698267037,7479.623824131332,253.75894117355347,59.30159015953541,41.18276396393776,158.84185004234314,100.48435412347317
15.718364635769786,655.3344043771527,1879.8463134464696,228.14116096496582,48.83769291639328,31.90480548143387,156.8047776222229,80.74249839782715
98.73366364790358,1740.809918794662,9983.637399353069,300.55011916160583,72.17177513241768,53.78439626097679,163.05791306495667,125.95617139339447
77.9639309840321,1245.3103271035413,9990.365520224444,272.0656507015228,56.52457010746002,43.702042661607265,162.2743936777115,100.22661276906729
75.55932606562179,1149.3954316394688,10595.547219845697,313.9271614551544,77.05561903119087,62.44744963943958,164.47455596923828,139.50306867063046
45.701836025410465,1393.722263872546,6099.7834662851565,288.6173733472824,52.067359551787376,41.79918496310711,165.1527762413025,93.86654451489449
49.36094744449538,655.7658539112963,6244.390593530265,251.62840473651886,59.50267358124256,40.83257496356964,158.57547461986542,100.3352485448122
39.14000259940521,907.8428163199621,2580.9793174760994,274.5695412158966,68.55590106546879,50.173232935369015,160.06083571910858,118.7291340008378
100.66748470017008,768.6900577223129,9695.083039505822,336.88774371147156,68.89261370897293,59.10872520506382,170.06538021564484,128.00133891403675
59.973733407825044,680.9965239717297,6101.106351793278,281.1538128852844,53.77830736339092,44.22842714935541,164.04085648059845,98.00673451274633
34.79058986275969,569.0075371253753,4164.365998132213,255.72280538082123,62.15776385366917,43.19594195485115,158.46504604816437,105.35370580852032
75.74748756319171,613.0414747900143,10938.334105068028,313.886395573616,69.26642383635044,54.84036476910114,166.36663830280304,124.10678860545158
36.67095729421845,545.1832118795436,5635.935068704438,232.96979570388794,50.375269919633865,33.10128469765186,157.6397272348404,83.47655461728573
55.365364835761305,1261.0497019682073,6612.522894315639,299.39304423332214,63.67844523489475,49.72596302628517,164.47923469543457,113.40440826117992
35.484387344945056,510.07943611483046,5378.237916551979,276.82421684265137,53.7449422031641,41.76133370399475,163.4653718471527,95.50627590715885
81.01327400841122,673.6072119298958,12245.482751113157,332.75675225257874,65.58226303756237,55.59818556904793,169.13471937179565,121.1804486066103
98.87144694478758,1272.6774183248642,6903.533525716121,350.4495143890381,63.870507419109344,53.671188086271286,171.48309004306793,117.54169550538063
63.94684190293322,1148.008838562154,10247.23254001118,296.30202758312225,62.91113884747028,48.5105834454298,164.7557750940323,111.42172229290009
41.54415386713833,676.3410087978018,2455.595535797434,307.32284128665924,64.21720865368843,48.48579619079828,165.16615855693817,112.70300484448671
21.017599988462756,256.5981361357018,1964.9489356266886,266.2683562040329,60.497917145490646,44.41885518282652,160.44628012180328,104.91677232831717
66.97144637852699,794.2641870154206,9047.848552304302,299.9614306688309,67.8867384493351,51.90093448758125,164.1193926334381,119.78767293691635
78.46572248998446,1141.4162971714104,8848.823541130165,339.83427011966705,62.05084525048733,55.43771842122078,171.6192682981491,117.4885636717081
63.46793723539886,412.0008551770426,6966.489648361348,297.3529498577118,62.97450542449951,50.3590172380209,165.2576254606247,113.33352266252041
69.94402908497739,965.3407183969038,10082.660301387534,248.18482327461243,54.75724343955517,38.085676088929176,158.77822589874268,92.84291952848434
175.04941961819176,1929.050986634067,27725.186396265013,322.14623057842255,65.60515747964382,53.77176011353731,166.46352791786194,119.37691759318113
101.35655036688749,1413.5373801740598,10587.377476817308,318.756520152092,73.74513709545135,59.38966613262892,166.10604596138,133.13480322808027
65.61845795068744,887.088190487685,6055.577621599433,268.97480595111847,68.46657587587833,48.285551473498344,159.45053887367249,116.75212734937668
88.53147564377954,839.8087133448093,12368.639423719655,278.09622967243195,58.93377423286438,42.99414832144976,162.04499053955078,101.92792255431414
95.06973645633687,959.995846365489,9194.217464855414,306.69593691825867,60.53996057808399,44.62172628939152,164.87289607524872,105.16168686747551
130.72389653151606,2890.655828319536,25585.262675130583,348.67106914520264,77.42286968231201,63.82580305635929,168.64685988426208,141.2486727386713
44.67707345124905,985.5150077739852,3938.801255444387,286.59700417518616,75.96501776576042,55.69197481870651,160.47049963474274,131.65699258446693
77.7636239133335,1182.2971893518356,13555.324489702825,313.6725881099701,63.94151183962822,51.85412061214447,167.6147300004959,115.79563245177269
66.16670598711768,606.2677690136778,12135.376143675618,256.67934215068817,58.423961624503136,39.79164771735668,159.36193180084229,98.21560934185982
85.40760351233452,1779.5985397295829,35275.12628808265,338.3238855600357,69.38185578584671,55.886310048401356,168.4905811548233,125.26816583424807
60.80152064656969,816.3574916639435,4338.501305765084,303.38916409015656,70.15161514282227,54.807214826345444,164.47466385364532,124.95882996916771
118.5517725492589,1905.4173864332474,23517.287459779258,294.20152282714844,63.35516890883446,48.48492677509785,164.0829223394394,111.8400956839323
48.565131987897885,48.59109980897602,4182.936176232625,305.23042809963226,66.60175731778145,53.24402768164873,164.8934042453766,119.84578499943018
61.17027076397594,427.2975091366357,6037.270275054961,299.19168627262115,71.99558219313622,55.726194486021996,163.64480650424957,127.72177667915821
131.98062524992295,1394.8996157625088,18452.04715628427,373.70159554481506,84.28744518756866,69.38606438040733,170.84998500347137,153.673509567976
73.96056365034508,639.7806028400447,9299.71022058355,258.8145776987076,56.480249628424644,41.56055747717619,160.11559796333313,98.04080710560083
62.09540286931594,486.3249244711076,2897.663658402084,298.59076499938965,68.47221334278584,53.60289816558361,164.05285120010376,122.07511150836945
94.52548508863859,1389.57813613983,21946.372434206103,296.99927508831024,63.333329543471336,50.799908846616745,163.94933462142944,114.13323839008808
42.20799287633399,511.06319860709965,3270.058274075878,262.67666232585907,60.894587859511375,43.716140910983086,160.08796977996826,104.61072877049446
129.49781236315027,1052.747550103035,17231.49067585964,346.11739897727966,71.55141101777554,59.27554425597191,169.64262866973877,130.82695527374744
58.37928887020143,342.9281620087298,2977.8848979156637,297.891250371933,69.18618346750736,51.80903500318527,163.4961187839508,120.99521847069263
133.61306140696078,1299.9299115208985,14332.07321813213,377.98407006263733,78.86273872852325,62.766102224588394,170.98323798179626,141.62884095311165
273.1215346747756,4241.923703962104,64991.139400821376,339.40939128398895,80.48324692249298,61.551573649048805,166.67633056640625,142.0348205715418
136.34442543293363,1239.5700147084551,24897.4381310116,359.96388733386993,76.42609803378582,63.022907331585884,171.1484912633896,139.4490053653717
229.33690642157117,2671.657233723048,38316.92184574276,326.3697279691696,63.77723641693592,47.12191367894411,166.12935328483582,110.89915009588003
117.10085909657933,1776.6949995228458,17356.290708247747,326.2206230163574,76.0223838686943,59.716662555933,165.72836017608643,135.7390464246273
90.64464487367653,575.0473207097723,6929.876463219056,297.018918633461,63.77534855902195,48.639809645712376,163.92782199382782,112.41515820473433
136.2743967345207,1598.843829676343,42850.92596219045,313.7802222967148,70.78796325623989,54.180708184838295,164.99576771259308,124.96867144107819
72.46870766244666,2029.676803216082,17344.175456503723,254.081117272377,56.301420763134956,38.528005458414555,159.33566856384277,94.82942622154951
75.32072937542682,652.8940080300216,5403.653300085557,278.9093757867813,66.07417726516724,49.52578207850456,161.39279961585999,115.5999593436718
81.95436446248459,2283.0073372452825,10528.745582493275,329.3596485853195,81.39723536372185,63.25493949651718,166.61750650405884,144.65217486023903
71.39610002439616,1161.242424572768,24061.423369396016,303.61255276203156,59.702143371105194,47.70785113424063,165.03617119789124,107.40999450534582
91.10762931184729,629.62186411462,9040.206469265933,304.29979491233826,72.31204506754875,56.32827554643154,164.31984865665436,128.6403206139803
45.43563060307709,846.4210248062508,4407.111953110368,357.11349725723267,71.77926504611969,59.87289582192898,171.14491772651672,131.65216086804867
64.15840671406299,584.11425356514,7125.643134542652,287.85368978977203,69.08008323609829,51.53488176316023,162.05889666080475,120.61496499925852
69.4079888085554,1551.9638350913592,7883.033442842504,313.96376860141754,56.66253383457661,49.041069366037846,168.6256445646286,105.70360320061445
212.70279194019184,1866.7533755168897,20433.410064521675,400.26882779598236,83.17527602612972,70.7047830671072,173.46121156215668,153.88005909323692
79.21647109464153,392.88614655573747,7145.371329882204,319.55523014068604,61.57188153266907,54.1016768142581,169.05564379692078,115.67355834692717
153.1413384929207,3720.3755140095773,21145.01790970986,359.1648054122925,63.25258672237396,58.51867826282978,173.8332475423813,121.77126498520374
65.92628118836468,808.1622830478931,6756.0282761840945,279.31739604473114,53.121813386678696,38.35179214924574,162.82651710510254,91.47360553592443
42.95132183339905,623.6994289400952,2609.2278256969835,250.446835398674,52.57090912759304,39.269749604165554,159.5023399591446,91.8406587317586
65.11300230076783,281.7733265104562,9738.740869489433,344.15069591999054,65.2401610314846,55.16146469116211,170.70549356937408,120.40162572264671
120.14274795798009,2612.9171505865206,18345.095237331232,337.79132902622223,73.93166725337505,57.2683374658227,167.17737662792206,131.20000471919775
146.3875583737601,2688.7470696199102,10271.366643384921,354.5961904525757,68.43291684985161,55.843192763626575,170.27800333499908,124.27610961347818
116.55574097728316,3755.9059107591765,59684.2489735914,419.1512597799301,79.49591988325119,69.04451549053192,177.03879284858704,148.5404353737831
358.0932420641147,3729.0298793451943,65370.32002658704,351.72753262519836,74.3283015191555,59.53945679962635,168.76678264141083,133.86775831878185
241.45053748711027,3323.5465337610863,49203.06471499057,390.08889520168304,81.41835507750511,70.83963942527771,173.44582617282867,152.25799450278282
92.58230518220539,1975.0174168848996,6558.847191396321,389.83394050598145,60.950265780091286,52.806326404213905,175.14285123348236,113.75659218430519
94.56489409816655,268.6840670299528,3493.3493333283504,299.5549703836441,54.98467579483986,39.14420920610428,164.00110471248627,94.12888500094414
80.44290343575595,2247.312613470501,5125.682847721225,327.51264107227325,66.28370873630047,54.54886358976364,167.94082939624786,120.83257232606411
174.58317433860853,4456.626807064549,89422.37338692564,376.2471489906311,72.77936634421349,64.36805590987206,172.31005144119263,137.14742225408554
72.51253561025506,1123.2764884204087,3232.899041253601,346.96382081508636,70.12979999184608,56.95021402835846,169.19051134586334,127.08001402020454
88.27579772792544,2131.980901022019,6373.332769800776,342.6359748840332,77.55568367242813,66.16221295297146,168.9705456495285,143.7178966253996
275.92096030976046,3261.8572005292663,75016.36880801649,385.6951001882553,73.34605549275875,61.11277163028717,173.16807758808136,134.45882712304592
73.5093463902198,4818.416793811689,11860.97957133246,397.28914082050323,78.54332558810711,68.91120287775993,175.5272364616394,147.45452846586704
133.2848084704271,2433.2195513190186,22388.657468709924,405.1880431175232,75.11257946491241,65.1994931846857,176.4349673986435,140.31207264959812
117.28582188997684,2004.4596115874344,11232.498679867625,375.4606648683548,87.12148201465607,72.10462209582329,172.06738650798798,159.22610411047935
182.5852505878136,1173.857531245937,17065.612305763,382.70067727565765,68.58509401977062,60.489158913493156,175.00393545627594,129.07425293326378
93.76223842303821,918.0373854848874,19711.549945421717,343.4977288246155,67.3277579843998,52.659145563840866,168.74537754058838,119.98690354824066
177.41042538327468,6994.190015334683,35146.79294324123,398.65144312381744,83.51634614169598,71.93576483428478,174.5402443408966,155.45211097598076
95.07965346891223,851.0558828023284,5877.261535947732,331.40212082862854,64.6499163210392,51.420318618416786,168.5434526205063,116.07023493945599
176.89696800397056,2695.258780845108,38579.77414848302,367.55734515190125,81.12531413137913,69.40648426115513,170.96837544441223,150.53179839253426
142.3664100127569,1889.3203571432014,24045.473822628308,342.7838807106018,76.17390944063663,65.89491079747677,169.99883723258972,142.0688202381134
195.99337359202707,1905.555431309629,25172.503694195315,347.68417024612427,82.80746069550514,65.5094993263483,168.5878120660782,148.31696002185345
65.76580646438669,1079.0952508542919,6699.735191263347,293.5377045869827,73.28272503614426,52.839642614126205,162.2310277223587,126.12236765027046
273.7402359719777,3476.724457486852,48400.179505263644,354.58068549633026,62.36423635482788,48.69287019968033,169.8776695728302,111.05710655450821
76.4421059205964,1258.5623980217647,3624.518034527315,421.39827358722687,87.92094451189041,75.41251336038113,176.0632425546646,163.33345787227154
285.34169278357246,3174.7435878703322,65836.55890820565,460.2174370288849,94.67623108625412,82.6345884501934,179.05751359462738,177.31081953644753
118.84199432753351,1656.500712675042,11992.791004992043,387.8378061056137,77.08965966105461,63.05722193419933,172.0763248205185,140.14688159525394
228.29849336449072,2827.5513996095833,37338.50079720428,425.7649326324463,80.67446978390217,68.5287127494812,176.75935924053192,149.20318253338337
191.17650922305575,1317.6866041568824,29432.128224610195,440.50636744499207,73.14723189175129,68.61154635250568,180.58172142505646,141.75877824425697
175.82000792463342,4559.495169945817,33168.34439794012,400.6376476287842,74.24187928438187,64.96526646614075,174.9120248556137,139.2071457505226
140.02816882663768,2588.516397479535,13236.155149012455,419.1700656414032,67.56536155939102,59.773922979831696,178.90159916877747,127.33928453922272
130.74417718506504,1451.2369262551365,13918.565635711057,367.46450209617615,79.4045367538929,67.74315513670444,171.55012023448944,147.14769189059734
265.88828897463475,2787.1878856146554,34213.67336015918,411.98763251304626,68.2492139339447,58.169064193964005,176.67009663581848,126.4182781279087
261.2854559459138,1462.6139993231945,87928.9732842703,456.646687746048,76.08319544047117,73.28018906712532,183.74296164512634,149.3633845075965
377.6170039366507,2930.4350158837683,46899.80706078598,445.2985591888428,71.26692698895931,63.716483533382416,180.8272249698639,134.98341052234173
197.33697075361545,2775.9645523839863,29390.270393462917,356.91438841819763,65.68970648944378,55.734314411878586,172.10409772396088,121.42402090132236
105.1395617158083,1599.8096932785745,36951.88473639273,431.35840463638306,58.38778658211231,55.63600812852383,181.8871089220047,114.02379471063614
111.33568705196673,2340.936208593517,31515.443557912615,335.3840242624283,69.2098999619484,51.19524372369051,166.30942714214325,120.4051436856389
209.4688413056802,4280.355397741745,56158.93221420151,407.3627368211746,76.52193632721901,65.14593452215195,175.08510792255402,141.66787084937096
163.60712391863828,1829.3920429851767,32069.32356742812,360.0148102045059,73.85034181177616,59.85692140460014,170.68542349338531,133.7072632163763
108.64898594461887,1649.9721911800405,21728.012431927957,335.39741253852844,66.88660974800587,55.05931015312672,168.4333257675171,121.94591990113258
163.84624904214314,3310.0002263509637,25469.520201958392,373.12776255607605,81.97046488523483,64.62672056257725,169.6692258119583,146.59718544781208
165.02021996988987,1662.6175841454026,30647.224077829655,385.92673349380493,68.42791414260864,58.29024185240269,174.80762457847595,126.71815599501133
321.1661897367626,3870.40426417629,56698.25036609257,372.25238513946533,60.26283732056618,48.65297855436802,172.09617280960083,108.9158158749342
251.73274084785464,7575.298551260014,53226.82408466342,432.15117502212524,84.74189984798431,74.68237587809563,177.9226222038269,159.42427572607994
270.9707451297232,7749.297502323908,51452.84080357131,431.2108088731766,77.93195503950119,67.57015870511532,177.60481989383698,145.5021137446165
169.83037011265884,1039.5297347217809,9578.240979853806,443.9747312068939,73.54204550385475,63.51029913127422,178.1995861530304,137.05234463512897
112.70434434577524,877.2969055304887,17537.388691479307,409.2167167663574,71.42716696858406,59.4294249266386,174.48967111110687,130.85659189522266
159.2627821578539,2405.349338405256,49028.454904094244,293.70992171764374,68.21929819881916,50.89634116739035,163.14600896835327,119.1156393662095
135.4763793019893,1861.6783442774317,15039.70391071561,366.50901091098785,62.66354922950268,52.03878755867481,172.31788206100464,114.70233678817749
423.6386869770076,6446.478961899875,103661.03770211787,407.87558937072754,86.66794335842133,74.02406463027,175.4720537662506,160.69200798869133
334.75871205812774,3173.726436175863,102838.1916940305,440.34524834156036,70.14422655105591,61.02472126483917,178.4165791273117,131.16894781589508
203.04993359499426,5478.363327170389,37108.400202132,413.7487282752991,76.70300287008286,64.11551377922297,174.93177473545074,140.81851664930582
341.68567352902033,6105.976020197149,105256.51787250537,474.70102059841156,92.1361289024353,85.22759522497654,182.12129318714142,177.36372412741184
99.36936276500137,5312.091726784553,21923.991006737186,394.3620512485504,77.71438610553741,66.98788757622242,174.8557801246643,144.70227368175983
308.73859408160956,6335.688130144759,70572.63324004321,431.791472196579,77.71826750040054,69.67084034532309,177.79129350185394,147.38910784572363
467.9532441995562,5645.606814800424,192358.19910985295,539.9184260368347,88.18513061851263,85.34113320708275,189.2248536348343,173.52626382559538
180.04732163006753,3890.8388457394517,27457.90852950268,369.2251317501068,72.12703049182892,62.281958758831024,172.27362537384033,134.40898925065994
121.52480096299837,2508.8011175482543,21543.851119371768,371.6480563879013,77.46289370954037,64.67907020449638,171.84135329723358,142.14196391403675
68.06153314404281,1647.1881114181444,11439.138696124079,330.3345752954483,76.91986897587776,59.6795519888401,166.8851761817932,136.59942096471786
239.08289716716538,6498.513896420742,181338.73497051644,418.90273344516754,84.88660970330238,69.92249478399754,173.79913711547852,154.80910448729992
161.0794597945602,2141.857581568197,38811.19546771125,384.88269674777985,83.44536358118057,71.53013852238655,173.21366214752197,154.97550210356712
130.8375360716457,806.3293961363055,21644.72888852309,379.63708996772766,85.34261950850487,71.00880581140518,171.32528340816498,156.35142531991005
104.37840949578131,1636.1627561158143,6925.316040950656,400.1233402490616,81.96258802711964,67.97532840073109,173.25978803634644,149.93791642785072
332.3217077157811,6552.396030866372,43163.3214714262,447.23640513420105,72.63271096348763,65.08514908701181,179.5773322582245,137.71786005049944
55.74858157992091,2192.243535846297,6296.601694768131,341.4711573123932,73.61152049899101,60.77947624027729,168.4265160560608,134.3909967392683
156.98222255667406,821.6877315441392,17644.887013500247,387.4989492893219,62.22807988524437,53.392908215522766,175.65908575057983,115.62098810076714
145.5891805720793,1190.943916164223,18684.213505249434,347.2917926311493,79.86802577972412,59.751793563365936,166.49987065792084,139.61981934309006
131.3697267500115,3957.470289449639,19099.87671712832,440.96284532546997,90.07204174995422,76.14854706823826,176.3742368221283,166.22058881819248
109.77312718954013,2073.7387877636097,6924.045998589598,362.8758246898651,58.821896493434906,49.402245193719864,172.7702201604843,108.22414168715477
119.57287741155012,1563.8106583682668,12542.646724802122,393.94325840473175,66.32221867144108,60.13569400459528,177.3483760356903,126.45791267603636
70.25195237638941,1999.7258123298209,11516.126665743088,330.3182224035263,74.13951373100281,57.39298386871815,166.02813398838043,131.53249759972095
81.10114829063878,1360.4976631031275,8391.536667639368,381.13354110717773,85.46184715628624,72.56095276772976,171.50930750370026,158.022799924016
212.2477960498462,2883.0351009307938,39518.70847452203,443.8761020898819,90.63758271932602,79.78058460354805,178.6995575428009,170.41816732287407
353.47105614231054,6416.992936483817,186497.79329280733,470.40183770656586,82.48088918626308,74.62822172045708,181.2939953804016,157.10911090672016
337.4151971624229,4646.267718188047,73765.67513988663,472.88997530937195,75.54561625421047,65.79379982501268,181.6351741552353,141.33941607922316
134.24644297140676,2280.7417882568134,15152.391225227453,388.19323694705963,78.1826715990901,70.68493516743183,175.3995670080185,148.86760676652193
177.09985943080176,2663.473400239494,16616.525900011384,437.78221571445465,87.35909865796566,76.00038307905197,177.9361114501953,163.35948173701763
205.3828490280684,1992.8428812410211,27564.382643450346,399.1194977760315,78.29037104547024,62.413670405745506,173.23783028125763,140.70404145121574
452.5800946716253,5873.973245200212,181707.76358401836,378.6605509519577,70.77202072739601,58.139330700039864,171.80071246623993,128.91135142743587
188.67861588296978,2680.6540168566694,31816.71012344064,342.64761233329773,71.35058549046516,59.29264643788338,169.6676765680313,130.64323192834854
365.8115277178986,8838.558847191234,109050.45092948536,451.61445903778076,75.13467164337635,68.31294606626034,180.86188900470734,143.4476177096367
439.215412172001,5360.77188241006,226747.87231445755,489.5593845844269,81.16903813183308,69.4328056126833,181.37237453460693,150.60184374451637
505.2572823518926,4771.325828024545,109667.95284548402,432.7844035625458,76.11082965135574,64.284319922328,176.04436349868774,140.39514957368374
170.633652654557,4197.456081990636,15328.658953290953,421.08259081840515,75.52830238640308,65.23101349174976,176.85143566131592,140.75931587815285
536.9522679724565,6133.161702718576,78853.41690097301,485.73947930336,86.20309367775917,80.60240530967712,182.69877243041992,166.8054989874363
191.2952977796403,3429.2245941862766,24812.635397933005,425.53238809108734,81.26089437305927,66.71961478888988,175.9437130689621,147.98050916194916
421.0387516893688,5778.171870556596,118712.26542896172,495.7365846633911,82.90591253340244,76.57584288716316,184.77980625629425,159.4817554205656
268.49203933861895,6628.4006144410105,179532.028606395,441.8187428712845,81.54235921800137,74.33972546458244,179.39334666728973,155.8820846825838
200.29837635437877,3806.1668629203245,102364.23312951837,483.5834581851959,70.64298552274704,64.93981201946735,183.82876241207123,135.5827975422144
261.76126408149025,4285.913165533943,22024.778526225025,494.0712671279907,75.2805145829916,73.8139573931694,186.26016199588776,149.094471976161
379.4052636466415,7237.807128752791,75958.9372087849,489.1669191122055,84.94257828593254,75.44609539210796,183.06777167320251,160.3886736780405
586.3280248597449,4047.6878637032446,502908.70253558905,463.8195812702179,69.62470682710409,61.88099780678749,179.91228926181793,131.50570463389158
166.98334008445568,2665.5567770661196,28985.756485082224,380.69684445858,73.48389327526093,65.7223933339119,173.77011835575104,139.20628660917282
426.22486780809487,3269.279759832205,131811.53063925175,464.5372779369354,85.50958380103111,73.90197426080704,179.1870801448822,159.41155806183815
53.15050816036503,708.2715536843262,2179.8378176369274,340.9065490961075,67.28476533293724,57.02621254324913,170.306786775589,124.31097787618637
333.3251483200034,10263.216608002758,518499.04254696233,507.6596003770828,90.91460005939007,82.28201159834862,184.9406750202179,173.19661165773869
140.96412379325326,999.6355754604933,11193.247700047066,458.85240626335144,80.08504644036293,71.5327748209238,180.66700053215027,151.61782126128674
374.9533868641908,1901.7573455867494,62614.029209751265,458.64980924129486,64.41092304885387,59.77639178931713,181.62569904327393,124.187314838171
265.2689071466911,4192.184003792162,420415.97524274833,449.11767506599426,85.95541616529226,74.12852346897125,177.17015516757965,160.08393963426352
356.5308856773666,2782.697811586944,70485.89837654258,514.4748203754425,90.42143988609314,79.18329709768295,182.98949027061462,169.6047369837761
221.01251755493814,3023.026193675753,32547.83369098797,401.1063543558121,83.20796920359135,67.95959669351578,172.52778959274292,151.16756589710712
180.91156309369575,3355.5575943359795,36914.30258536577,389.97134387493134,90.20745202898979,72.33530144393444,171.29916989803314,162.54275347292423
299.9415307391299,8355.280073544824,72636.0877325577,502.09258568286896,83.60880198329687,75.90115636587143,184.3705677986145,159.5099583491683
343.49428838687226,6174.336094442706,136050.49460993588,513.4863138198853,86.86289256811142,83.07648372650146,187.6271697282791,169.93937629461288
483.26860258738236,9174.628837446608,335475.21724882355,488.7813355922699,79.02733655273914,72.33244860172272,184.25926959514618,151.35978515446186
395.70687895730157,9461.208165241891,144707.74568519686,487.4999713897705,81.13601262867451,73.51014763116837,182.84575295448303,154.64616025984287
683.8675301386539,8369.715392076065,329129.8186003256,535.8193494081497,98.64430202543736,94.57439179718494,187.71528100967407,193.2186938226223
577.1461895171213,5653.278220814925,139803.34408228227,425.88232457637787,81.9746337980032,67.15444067120552,174.19993352890015,149.12907446920872
174.8683598363994,2373.407414795498,71804.73475841356,438.1935863494873,73.9451921582222,63.228780314326286,178.41301822662354,137.17397247254848
232.94443385482174,4111.872413340115,42189.95573732535,490.77613604068756,92.8439092040062,82.84745556116104,181.49926126003265,175.69136476516724
856.5871122918599,7743.172273839819,407841.81457754085,515.7365229129791,95.43461943417788,88.07716703414917,185.68756914138794,183.51178646832705
386.04087929311675,4945.643099073937,62977.46600661118,458.3660538196564,80.79499360918999,72.43342235684395,180.46063458919525,153.22841596603394
113.14366454670261,2661.038292916385,32893.277719339356,455.39703261852264,79.46027010679245,75.00178425014019,180.1713992357254,154.46205435693264
1272.0846667603516,12396.599148744292,1185062.1521526824,480.59793305397034,73.75215810537338,63.70130580663681,180.44909036159515,137.4534639120102
416.1640237192631,4679.952085710871,111841.42953294638,505.5809990167618,87.81066130101681,76.19764897227287,181.8726543188095,164.00831027328968
87.01316713554759,2695.2685198479758,17685.989900254637,393.0220309495926,88.9440989792347,74.44814324378967,171.71275556087494,163.39224222302437
271.964172043341,6857.4392776117675,57791.732916183086,486.64226150512695,72.91254068911076,67.73005668073893,183.77800869941711,140.64259736984968
397.48581617794093,6891.020497789793,270298.3983622942,484.30588960647583,70.30187718570232,62.60188655555248,182.06356418132782,132.9037637412548
772.7143542401527,12489.326956934203,327780.29088617594,511.00177776813507,75.04912674427032,68.27559304237366,185.0639910697937,143.32471978664398
320.5976516120998,3324.8225716908883,50074.04649157693,446.2634656429291,60.281890362501144,49.56713852286339,177.5271396636963,109.84902888536453
122.33698249394185,9396.184316714283,507876.0570005306,439.9814864397049,81.45554539561272,68.95170632004738,176.81580531597137,150.4072517156601
508.2308233508162,4645.212095314962,91687.35202201051,445.93891048431396,71.87521278858185,63.497745260596275,179.37257361412048,135.37295804917812
161.2537379111881,3422.890462270682,18248.708547479986,432.32290732860565,89.76772412657738,78.45884449779987,177.36842608451843,168.22656862437725
226.56122457205873,6243.2066830047115,145871.10457959128,426.8565014600754,92.77364622056484,81.01132969558239,175.90049004554749,173.78497591614723
232.20659482079677,7397.686218739239,27569.50791015568,520.1765289306641,80.99558690190315,74.26042111217976,186.05896985530853,155.2560080140829
189.7751924846124,3331.710113532857,28062.521228421843,475.88659596443176,92.27932317554951,81.30071884393692,179.7978140115738,173.58004201948643
410.42173742328447,3192.8875404144987,47127.93449663704,490.79462599754333,65.47307913005352,58.85576044023037,183.14465129375458,124.32883957028389
379.1563937609935,10855.984136548308,446967.71843978274,501.7144477367401,84.77039039134979,80.68810513615608,186.26526737213135,165.45849552750587
175.0619223106655,8029.757224058754,26744.666982760227,435.03995847702026,82.18933521956205,70.01964385807514,178.09249794483185,152.2089790776372
158.11250230168488,4219.146476654193,18753.40514938556,427.0442167520523,69.85841837525368,58.98055222630501,177.65595638751984,128.83897060155869
510.4117422390355,6189.186485273382,200082.9359973036,424.65342819690704,64.38541015982628,56.58082918822765,177.6054013967514,120.96623934805393
595.1302868134682,8129.9899611726205,330802.6979293794,504.8382114171982,88.29956486821175,82.84459827840328,184.76743233203888,171.14416314661503
213.65671352593114,5710.7264315552875,107566.28009093192,488.2121466398239,92.45110666751862,84.064577460289,182.5431376695633,176.51568412780762
357.27376038343954,7873.7879169951475,104724.20106931093,502.196653842926,72.57049940526485,67.62555620074272,184.56493711471558,140.19605560600758
688.1749460277555,11098.268298440622,205119.60936300224,510.60245764255524,93.60202230513096,86.81707692146301,185.31335878372192,180.41909922659397
260.2292452032611,6169.4372092878175,120590.8875786861,462.44393372535706,80.82684843242168,73.28704641759396,180.5618258714676,154.11389485001564
266.8691143506128,1427.2062677648728,13638.344862353906,449.8413327932358,68.9564988464117,61.66006076335907,179.9907089471817,130.61655960977077
484.2511926196588,8011.9800371225565,153284.8499051844,514.6081118583679,94.02069544792175,88.48431745171547,185.13804697990417,182.50501289963722
282.710291490671,7945.691615311623,157995.2175866995,571.7594201564789,73.08438621461391,70.77759911119938,191.5844578742981,143.8619853258133
407.4275738039698,9916.572173577224,196669.5861275294,565.848625421524,86.569475710392,83.59134483337402,191.5291737318039,170.16082054376602
207.6155086445182,4559.370566327891,41155.425170617695,459.0614745616913,84.5251450240612,78.95735132694244,181.9166693687439,163.48249635100365
772.2089424715837,9661.026205416098,337436.1922589246,526.3188265562057,83.98159542679787,78.84178873896599,186.71475076675415,162.82338416576385
317.873437027881,8541.950363594979,180416.2741603005,567.7192528247833,70.55887512117624,69.9512902200222,192.10963106155396,140.51016534119844
123.52095433781318,3829.045240546641,17801.814638176693,415.5873713493347,86.4942138493061,73.38865455985069,173.8626914024353,159.8828684091568
747.7213432066042,9557.563105226236,872378.8345446197,580.7388820648193,75.7312658727169,74.80732668936253,193.05854308605194,150.53859256207943
548.6041010260969,14215.300772781575,215951.16133381458,551.2757225036621,93.1970988959074,87.14031046628952,188.7226482629776,180.33740936219692
175.3900989527425,6366.823075241911,87228.84985262816,449.9667282104492,64.53725151717663,58.63904572278261,180.51685070991516,123.17629723995924
329.5522479170979,6114.346121377928,74280.5582183501,474.83437061309814,96.67907103896141,85.43047937750816,181.31975436210632,182.10955041646957
550.5800448108018,7493.631404966394,108066.4326659052,593.1832444667816,85.57720670104027,86.32200407981873,194.99528801441193,171.899210780859
319.8834604892169,7023.586074505377,44100.589188722195,525.1750699281693,85.07074031233788,81.0867356210947,187.66468715667725,166.15747593343258
168.13517120806964,2714.484596301288,28552.350131782176,422.24178540706635,81.35938009619713,69.31685310602188,175.85439002513885,150.676233202219
236.28143868704035,8926.006817184785,39152.26030258165,522.5559091567993,78.52882236242294,75.22043778002262,187.19028079509735,153.74926014244556
524.2643395119542,9925.304102487393,1143063.9561491658,494.82856607437134,78.86957232654095,70.20594251155853,181.99564456939697,149.07551483809948
177.58525775410544,2900.312717954204,58239.44075757218,416.7391359806061,76.34884604811668,63.74708366394043,174.60038495063782,140.0959297120571
239.07236189735607,5755.553532553193,80314.86710165786,440.9625201225281,85.91628307104111,74.11561121046543,177.5121304988861,160.03189428150654
423.0821291281406,9170.333859390179,239445.44967362104,538.964736700058,85.18570390343666,80.47469879686832,188.08536028862,165.66040270030499
212.45637707050173,5450.284937044044,39551.98937980182,531.2720956802368,79.55983784794807,71.18992526829243,186.57558012008667,150.7497631162405
563.6396236760415,14697.699674479307,195353.46780377402,650.2919952869415,92.02050960063934,97.05962371826172,200.4215486049652,189.08013331890106
647.3170972442891,5785.266475423382,88909.47334189845,511.57295775413513,69.0267353951931,66.7129506021738,187.22306394577026,135.7396859973669
502.3897893125172,11421.003075834702,252895.72954671874,545.4411673545837,90.21538496017456,84.47088181972504,187.94101321697235,174.6862667798996
543.7808376774244,6415.628950103013,116388.50691383467,463.15706264972687,87.99914038181305,75.2796077132225,178.19627487659454,163.27874809503555
276.11748352792864,2552.1572633254536,18722.18868742856,534.49267745018,84.73442621529102,77.82005909085274,186.29344129562378,162.55448530614376
165.81802230482037,4258.231395788628,31974.32803537103,482.38257896900177,83.46111643314362,77.45701007544994,181.99443340301514,160.91812650859356
370.534745544706,7035.1504281708085,55920.20282874865,563.3626327514648,100.44383162260056,99.12963119149208,191.11270141601562,199.57346281409264
617.3509664558526,11745.73613988721,1609239.7823432127,584.2956767082214,70.36116853356361,70.23174984753132,192.50230967998505,140.59291838109493
358.49751161192546,2632.480261394075,39561.075674092404,543.8059802055359,83.50186589360237,78.16335827112198,188.50683164596558,161.66522416472435
157.94799117845685,2300.2808836281747,10768.933316861629,457.9138095378876,94.84451428055763,81.88267907500267,177.37643158435822,176.7271933555603
985.7078253071963,4951.250839160216,865490.2087270016,579.3258576393127,92.71552135050297,86.59156280755997,188.43059957027435,179.30708415806293
292.894316574619,8909.06269727184,114451.25853405072,475.90311110019684,80.77291664853692,69.48426672816277,179.64212954044342,150.2571833766997
189.54233307720662,11849.723026699538,37974.82238233012,553.6157186031342,83.7293132841587,81.70169597864151,191.5488109588623,165.43100926280022
230.54404069033254,4054.297324633581,28614.870742904986,442.69077730178833,80.78971108794212,66.40287281572819,177.2894765138626,147.1925839036703
491.9149567386863,13880.050220538806,229010.7955518917,497.8557552099228,82.83520619571209,76.82571695744991,184.39050352573395,159.660923153162
445.08553125747824,2235.0691134787485,64621.26371507933,414.70062160491943,79.6175846606493,65.92174352705479,174.9982044696808,145.5393281877041
602.0486451521857,11773.434657397129,178003.69943395848,460.8799923658371,91.76784186065197,80.83988682925701,179.26511979103088,172.60772868990898
1880.3050000791002,29278.40446974588,1497677.563462569,589.2274594306946,63.36307714879513,65.20876608788967,194.6805248260498,128.5718432366848
192.83494316377212,3114.5468420054076,29368.983500239414,516.0477612018585,77.89565128087997,71.97799012064934,185.26372575759888,149.8736414015293
1301.7103186491286,20888.654810798937,608545.8401660152,573.4541189670563,83.51028841733932,78.2487026900053,189.4758495092392,161.75899110734463
529.400318580178,6746.860923380567,124486.49365805415,534.4345798492432,79.35016366839409,72.30602015554905,186.64392757415771,151.65618382394314
124.12379101915018,1244.5339782548501,11388.360108399975,424.234516620636,64.11938035488129,58.252145141363144,179.55939614772797,122.37152549624443
164.78236151824356,2436.137726453403,54043.90125275172,354.98067688941956,69.82181619107723,54.80078622698784,169.05435359477997,124.62260241806507
148.11311891737256,9609.29591814619,29795.68682167249,433.5283064842224,90.71329891681671,78.65703654289246,176.77101612091064,169.37033545970917
859.7831814842228,12931.647391105424,1656232.647443917,618.9249696731567,64.09907095134258,70.5824813246727,199.25084507465363,134.68155227601528
364.53394746254634,7815.5539933797845,102257.8104937309,446.81999826431274,70.41112929582596,61.21031799912453,178.5236176252365,131.62144729495049
789.1863463181475,8749.50218713576,281722.0407779686,593.8796110153198,84.89230941981077,83.49790611863136,192.60830175876617,168.39021553844213
233.35906707183182,4950.805920450907,39362.39778133078,532.6268222332001,89.5639126598835,85.22541703283787,188.3191636800766,174.78932969272137
893.1581247820784,19458.472889845576,473188.74019520025,626.2488484382629,76.83523492515087,78.1757749915123,197.49299144744873,155.01100991666317
573.3850904136249,4528.290699079831,136277.9346896032,507.47686088085175,86.82505409419537,76.41910043358803,182.25922274589539,163.2441545277834
432.59923860803326,6174.701233699482,343676.8219204207,521.9849073886871,86.24069621413946,79.11659011244774,185.1321303844452,165.3572863265872
53.11281008610466,1236.5754427340573,5610.125209339195,361.4989700317383,82.04203116893768,65.51246419548988,169.0511075258255,147.55449536442757
714.8587228952572,11342.377494956077,182675.48518221846,477.171129822731,86.25119576603174,74.28063683211803,180.0108196735382,160.53183259814978
168.24510407047356,2910.600606641896,64381.86832983581,450.13279259204865,79.02715113013983,69.86838307976723,179.05904161930084,148.89553420990705
275.8514738908879,1783.5934356008245,48492.33011503951,517.3362247943878,86.48563341796398,75.90672625601292,183.56336390972137,162.3923596739769
466.96835483703126,6690.411860782325,340528.28435899195,489.8828091621399,86.68385356664658,75.13738276064396,181.38296592235565,161.82123632729053
471.07761316780665,12101.180330457071,497780.32180854824,482.8579943180084,80.48532259464264,70.10470041632652,181.76781857013702,150.59002301096916
238.8055030187281,7792.1576984515705,54965.97385218267,552.9368078708649,81.59716004133224,80.59049855172634,190.189471244812,162.1876585930586
339.0249670272538,3702.156050390085,47016.97792810182,508.2538938522339,101.51557943224907,90.11636950075626,183.75044882297516,191.63194893300533
1811.5079675075626,36332.824065764085,11050027.448675806,639.6957437992096,64.97374870628119,67.94312199950218,198.93697583675385,132.91687070578337
114.64188157945226,3096.9800798062165,32972.16307112787,462.2537987232208,75.82701152563095,69.9842254370451,180.2203313112259,145.81123696267605
640.9867197798735,9377.718618996076,334709.014686228,515.3788577318192,79.60942028462887,74.00766737759113,185.8985297679901,153.61708766222
269.1691377161203,2048.085202703955,31219.695197522084,437.3250538110733,75.87902715802193,63.99810954928398,177.15240359306335,139.8771367073059
486.2145424276234,11814.176669095472,138012.27363186097,541.1875412464142,75.79565161466599,73.6998650431633,189.69271099567413,149.49551665782928
1042.0509518395074,17358.50258553065,2504162.4475953504,582.0873305797577,85.83321013301611,81.139230504632,190.79249727725983,166.9724406376481
90.1851124080485,1099.745942314969,3775.538405796089,405.8540152311325,69.65147027373314,54.39543052017689,172.22818970680237,124.04690079391003
352.389543133667,2767.2481261290714,43820.511755470805,442.53154039382935,74.0157541334629,63.64564250409603,179.0536628961563,137.66139663755894
328.54552170362894,10337.097304790987,58426.00177115044,567.4678900241852,74.82474307715893,73.53854005038738,192.43111658096313,148.3632831275463
649.3449967677765,12453.115492647494,178912.29740144557,521.9303028583527,88.08841053396463,78.74169786274433,184.472430229187,166.83010839670897
907.2444576975603,19159.61316730751,420601.80505691055,573.8080718517303,82.19976528733969,80.82097563147545,191.6488457918167,163.02074091881514
591.9332428222552,6604.364218821253,758100.1647333369,544.038537979126,69.31214305758476,67.55736237764359,190.33217430114746,136.86950543522835
269.67028683292034,8754.291507718977,2031478.8518830305,465.12774980068207,80.74834750592709,69.8132636398077,179.77810049057007,150.5616111457348
369.5273281127103,5237.467020370726,69241.66146285349,513.2587382793427,78.4927165210247,70.05104285478592,184.30784034729004,148.54375937581062
282.6095141461207,8691.886845320438,62464.930180059884,559.4412627220154,74.37925700098276,71.63274890184402,190.03492105007172,146.0120059028268
238.46867652773884,8810.747292801017,52432.70353302324,557.0844576358795,87.18044701218605,82.89130237698555,189.7740125656128,170.0717493891716
831.0438130752814,11420.93143850788,1720651.1869161304,631.7634093761444,74.5411174595356,75.96397100389004,197.67040646076202,150.50508846342564
412.92349976816587,7997.378342090893,44801.340838514625,564.8274087905884,83.61784374713898,82.89409022033215,191.73110473155975,166.51193396747112
517.6269894975917,12180.140880238725,659276.8092810975,575.9233260154724,78.54094304144382,76.62696006894112,191.66271126270294,155.16790311038494
1018.6798449367693,21681.069930856487,522539.21139326965,631.8415815830231,85.01837888360023,85.49805004894733,197.81156492233276,170.51642893254757
359.9387446492961,4527.532043357354,86723.61762740018,515.566196680069,75.52498131990433,68.24585451185703,185.171324133873,143.77083583176136
270.0350172701991,11258.794141466464,297856.0887710136,545.8694152832031,78.59797927737236,73.62159648537636,187.7498880624771,152.21957576274872
286.57317918279205,8327.885167940654,267648.11735224805,433.325168967247,67.45494301617146,58.49980142712593,178.36486423015594,125.95474444329739
856.4991455061667,20933.18384830659,1006070.2505211827,566.3949060440063,72.65429630875587,68.90181638300419,190.19499933719635,141.55611269176006
478.89256425642094,10886.479632713217,128467.14841165573,612.1185836791992,85.66010531783104,88.01525692641735,197.08961653709412,173.6753622442484
563.1394105964154,13094.313001735229,199412.72673206913,572.642914056778,76.61552356183529,77.4732333123684,193.19182240962982,154.08875687420368
299.9141861906872,4602.746578826639,179126.3584745027,494.5341875553131,88.61913338303566,77.19191351532936,181.25068724155426,165.81104689836502
176.27753693772326,5725.72123756355,32907.05740746725,478.7964595556259,78.76003327965736,67.75645914673805,180.2204785346985,146.51649242639542
134.12299519956446,4215.699660333629,26950.52317780992,536.9436182975769,90.67622698843479,88.7056362181902,189.32703816890717,179.38186320662498
614.533494397855,16220.091797802223,2334809.113821054,550.2624764442444,87.10743328928947,82.0183733701706,187.92575454711914,169.12580665946007
635.3223884528022,7545.0675718804805,417708.2885084593,520.0777626037598,82.72127527743578,77.36486260592937,186.89880108833313,160.08613788336515
878.0858399578187,7047.448607655403,2527580.1890558144,583.456446647644,85.30193749070168,83.21124756336212,192.4009438753128,168.5131850540638
208.43973487365508,10960.1591353936,239593.54878812854,444.4497129917145,70.37914261221886,64.99092516303062,181.6990166902542,135.37006777524948
676.8324984502757,17993.542285248648,836565.3093194555,560.4269213676453,74.75452415645123,73.9638869613409,191.4737684726715,148.71841111779213
244.47704442506952,11814.750493220185,50328.8564412844,567.3127951622009,84.44133687019348,82.17622876167297,191.82946455478668,166.61756563186646
154.2376245535281,3268.3524131391478,46053.263186403725,390.9244878292084,77.76666489243507,64.23428788781166,172.7358819246292,142.00095278024673
1121.1496152408538,16088.447023065552,1333765.4056141605,584.7428841590881,73.06316350400448,75.4149335026741,193.1153118610382,148.47809700667858
523.5587551030864,5816.282327746664,135375.46446011038,467.83652210235596,79.21748918294907,70.58218710124493,180.4778836965561,149.799676284194
353.6163477589268,16135.069539005086,1351951.4214324509,486.3829433917999,81.1259964555502,70.75024965405464,181.67020499706268,151.87624610960484
482.7129391324086,12407.495436360397,373144.6742007223,573.8450222015381,69.47614100575447,63.584601908922195,189.2406485080719,133.06074291467667
528.3911785705352,11036.405300845696,148710.82053244338,585.2393329143524,84.90344560146332,83.91769313812256,192.0770559310913,168.82113873958588
1168.3052156702975,12543.428307675405,1218206.9285615126,644.8136510848999,57.110631588846445,63.22794523835182,200.4839768409729,120.33857682719827
522.7391701072892,13705.028713715139,295580.69221614796,541.3423750400543,76.018156953156,70.21033801138401,186.90173637866974,146.22849496454
611.8780787694205,9860.209474074902,184357.60589586446,647.6070251464844,81.38930087536573,86.76181410253048,200.11382234096527,168.1511149778962
425.4053547995054,8663.580064357664,61444.47155765967,642.975013256073,82.53811798244715,86.28720006346703,199.12135314941406,168.82531804591417
305.48815831479624,12500.9934756426,1702626.0773303846,428.5652267932892,70.15993006527424,60.96603960543871,177.48957324028015,131.12596967071295
230.25390803870135,3298.213503620465,49140.49812521149,531.6856544017792,87.8394800722599,81.2520090341568,186.43771696090698,169.0914891064167
721.2412271326589,19456.489328162963,2087164.1617677067,524.9621471166611,82.31168908625841,77.60854309797287,186.53876614570618,159.92023218423128
465.0851925017271,15152.170971740672,204927.90376851775,564.4339323043823,80.5335005223751,82.92758241295815,193.14207565784454,163.46108293533325
472.07207209750226,10187.647046608703,117287.7195672128,594.6515522003174,92.84638737142086,92.5772203207016,195.00536262989044,185.42360769212246
199.00177657419732,9375.049896906188,58239.496803495036,485.7215198278427,74.64465865492821,65.6050084978342,182.37195658683777,140.2496671527624
871.6359061609265,14260.550234051985,745929.8564564678,609.9554965496063,85.96764721721411,88.82779844105244,196.1668791770935,174.79544565826654
714.9123133596827,14319.67515859581,201959.30814568745,573.8938384056091,92.20607414841652,89.96499761939049,192.47206091880798,182.171071767807
177.93224317661605,2576.066398204851,136823.7247972041,526.620356798172,87.21375006437302,77.32030928134918,183.97018122673035,164.5340593457222
1689.22611170151,18348.495037195484,1624506.2426108073,589.9821238517761,82.86843892931938,79.83915528655052,193.23729133605957,162.7075942158699
989.3887533699087,20901.249364306288,492679.9092449003,650.6531856060028,77.67754836380482,82.9720426350832,200.6632958650589,160.64959099888802
419.9573276749334,13284.864097313555,673226.2451775392,598.7882481813431,90.0238900333643,90.86065213382244,194.44913375377655,180.88454216718674
343.6791401056121,9232.464303611594,151066.1514893111,563.7706199884415,87.38358280807734,80.41974027454853,188.4079749584198,167.80332308262587
918.4468996098735,18918.204335654693,1615666.7692597779,650.6739819049835,79.93152738362551,82.78329817950726,198.76781058311462,162.71482556313276
869.8421133962923,14832.606191742218,436725.6349915958,545.3075942993164,71.95460180938244,69.04485054314137,189.32817769050598,140.9994523525238
289.3621349818613,20682.045351353718,81544.9251402563,524.9976494312286,82.98910894989967,80.3997990489006,187.65637028217316,163.38890799880028
954.5189275248421,12305.619799371576,1189274.0709459088,587.6888529062271,83.95224391296506,84.67776300013065,194.17484712600708,168.6300069130957
541.9558118183766,19349.471873042705,709164.2345771685,544.5931503772736,94.39195220544934,89.36584143340588,188.3844701051712,183.75779363885522
870.7697601122786,19658.228307866197,1351659.261039601,705.1716685295105,75.56600073724985,87.72026033699512,208.59325873851776,163.28626107424498
730.9392112300688,13894.18499272773,1183932.6804312905,552.669047832489,88.28021963685751,83.83895435929298,187.9039717912674,172.1191739961505
451.98388487542866,11459.479523385886,83687.26019764885,588.6969450712204,79.13481192290783,77.21760454773903,191.85578203201294,156.35241647064686
409.34508432055173,11746.494090606626,1973371.4781717805,481.91858780384064,73.02656032890081,63.37829126417637,180.49451756477356,136.40485159307718
342.5605243178296,10230.743125344263,346765.24855468556,572.4994690418243,78.57355462014675,74.05932518839836,189.94564759731293,152.6328798085451
715.9961684621718,13901.201276975891,642947.5332956774,559.190309047699,78.38918248564005,72.93102642893791,188.59537625312805,151.32020891457796
520.1108927639439,3810.989116595012,298140.8616431126,507.19243812561035,68.92907972633839,60.662890404462814,184.0027107000351,129.5919701308012
186.68096313503236,3631.3560928214424,21921.295613283724,525.2893691062927,78.98055857419968,71.00901794433594,186.0405399799347,149.9895765185356
741.6950045405974,9290.883674278346,1162380.9077146854,599.6144456863403,89.48547846078873,88.35587972402573,193.86210465431213,177.84135818481445
941.29906239557,40894.968515375534,14297138.467684003,612.295291185379,75.93983174860477,75.58224627375603,194.33724784851074,151.5220780223608
572.4311487007908,12515.349662887293,509743.53794270667,600.6702516078949,78.46089294552803,77.7027235776186,194.08930373191833,156.16361652314663
454.38531193171195,8705.23894963573,1258127.0341125298,494.6206496953964,85.45543314516544,79.0455641746521,182.95609617233276,164.50099731981754
313.4872326406294,4187.114826778219,51613.60053713814,459.64573061466217,98.77522736787796,87.43479019403458,179.20439052581787,186.21001756191254
561.7453042355759,13351.652596638894,716055.7996195004,540.8699531555176,65.7574954405427,63.47625434398651,189.04322803020477,129.2337497845292
357.6579200985594,18186.589618985094,943290.7789840774,591.3984704017639,69.96294119954109,67.48429197072983,192.71885108947754,137.44723317027092
825.911184075122,19511.25557290786,289235.2090706071,584.4939670562744,69.27511297911406,69.92931595444679,194.37085092067719,139.20442893356085
418.1508152209423,6826.073157820733,84661.4196643655,549.6747958660126,88.72106629610062,80.35276621580124,186.71806073188782,169.07383251190186
662.017283868678,13898.784007044413,5496881.476828248,623.38813829422,80.21165453642607,83.52607944607735,197.16588258743286,163.7377339825034
819.0267864324458,9531.660919745305,162587.73131954053,589.0030601024628,82.06344739347696,81.4703533500433,192.8704468011856,163.53380074352026
312.4146355217529,13975.373083068534,546653.6496616323,538.4451439380646,87.62876608967781,84.54461835324764,188.746253490448,172.17338444292545
385.798679343529,24815.92388096247,71593.0967250502,682.474764585495,79.8913094997406,91.06515501439571,207.0052649974823,170.95646451413631
335.34634822117545,7311.561600576762,104232.98616170745,663.3113820552826,79.89935511350632,86.84173268079758,202.38634276390076,166.7410877943039
1939.2905202387797,30309.0817543396,2096315.923180268,603.9172797203064,75.8773840740323,77.28871719539165,195.46521818637848,153.16610126942396
778.1901251140418,17454.622835789174,221636.23394078415,583.2715203762054,75.65085004270077,77.57963658869267,194.3115689754486,153.23048663139343
176.68857043658724,4414.4815154744465,48948.715301417134,491.30957531929016,69.07860796898603,63.44374027848244,184.13508808612823,132.52234824746847
436.58426685267835,7588.471147769452,493154.6462682778,591.6343438625336,85.673932492733,83.93826240301132,193.4413890838623,169.61219489574432
588.8974105634741,7866.437940883252,307480.1966620305,612.238804101944,77.53879573941231,77.93433147668839,195.06812477111816,155.4731272161007
1272.5590976452525,25214.38180626966,1131618.6924631118,543.9365291595459,81.12087327986956,75.5355395078659,187.4887684583664,156.65641278773546
461.5385943500078,23683.63578694488,823200.4630889654,592.4907774925232,75.98448088765144,75.0023006349802,194.50272941589355,150.98678152263165
391.3755115209009,9296.613533223139,127788.9185303587,471.04863953590393,78.73503604531288,70.55910408496857,181.52102255821228,149.29414013028145
621.2210370244661,9941.596383738046,419939.4806694295,582.5597307682037,78.86051257699728,76.29136073589325,193.1977664232254,155.15187331289053
680.5695676787642,5228.655706706522,128494.04875254742,628.0336515903473,76.3382485806942,81.36816926300526,199.34474778175354,157.70641784369946
236.3088062841875,8262.878316138345,47314.65993684231,548.0203123092651,79.22164715826511,73.80117608606815,188.78080236911774,153.02282324433327
939.5637619848151,15580.83669762505,347093.3026315542,613.9269037246704,76.3947659432888,79.12364961206913,197.15471351146698,155.51841555535793
1828.6169323943022,37895.79010429397,3245059.339573728,727.743860244751,60.0676967613399,72.05855795741081,208.7562516927719,132.12625471875072
1345.1884529857696,14353.933054612453,382969.4974395909,651.1226253509521,72.03318019211292,73.96116204559803,199.14656686782837,145.99434223771095
1439.7253990190281,30351.749543481674,581572.3926818254,655.0308592319489,87.95681658387184,92.10482692718506,199.63132393360138,180.0616435110569
941.6545921480579,18159.966051036463,547128.3543242861,648.0419216156006,80.55828594043851,83.68168716132641,199.60422277450562,164.23997310176492
203.09306810714736,2026.5291398238385,47352.41863103415,539.090469121933,75.71487425267696,73.23512251675129,188.96340668201447,148.94999676942825
695.3774898722165,18226.093829272246,2564937.7939654267,660.9078330993652,83.52337037026882,91.67784520983696,202.55108606815338,175.20121558010578
553.5646927931018,25390.9742901153,220312.58830871724,624.0996005535126,79.37553360313177,83.82414455711842,200.22883081436157,163.1996781602502
791.0003157316088,5939.809468347965,703624.9617743121,621.8711459636688,81.27479222416878,79.70982028543949,196.085453748703,160.98461250960827
302.5246235523284,12159.37617572601,47652.29933363738,635.9287226200104,79.74948977679014,80.12704120576382,197.43932580947876,159.87653098255396
624.6271384941965,13355.224044622491,492977.673804154,654.6753997802734,77.42598018050194,82.91738544404507,201.01366341114044,160.343365624547
1332.916581344619,25965.623619065853,687353.9963603527,701.1048390865326,74.56806753575802,80.73671320080757,205.1786072254181,155.3047807365656
966.7116883127794,30236.461000813757,927231.8642262431,633.9418647289276,72.70878444612026,72.52608673274517,196.88425028324127,145.23487117886543
1112.143396115077,12750.16365893624,769119.8910868949,647.4512031078339,70.09412954747677,72.26220388710499,198.27142369747162,142.35633343458176
509.08799384123216,16474.628756379174,3611150.5255457126,641.2050716876984,74.32875882089138,79.55223409831524,199.00122702121735,153.88099291920662
754.1528602053836,15902.434942987964,1004141.2177728424,692.1271440982819,74.41845814883709,84.92235811054707,207.5266934633255,159.34081625938416
395.759920157005,8834.421942469206,367750.1090565089,546.5506775379181,81.47637276351452,80.24459159374237,189.1064703464508,161.7209643572569
307.8982949238876,6273.515006094863,82445.76217349141,526.7967429161072,78.20201351493597,72.48759883642197,187.081609249115,150.68961235135794
771.9881847030313,12527.523897828076,942211.8886670978,545.5896575450897,71.53344222158194,68.97921760380268,188.41320955753326,140.51265982538462
1318.8147708233337,23836.08572413341,551311.8117464331,697.3724818229675,70.5483610033989,78.16258919239044,205.49194931983948,148.71095019578934
203.28770747260464,4453.973837988268,11364.360806772622,574.9632833003998,82.16581594944,78.93833254277706,190.59551858901978,161.10414849221706
208.9211109329956,3743.432315542467,18742.820410566044,479.53194999694824,96.27084562182426,83.60556945204735,180.39900696277618,179.8764150738716
365.4706532942375,5781.34826557483,212774.58049736774,608.6420955657959,73.12269984185696,76.29527233541012,196.54951131343842,149.41797217726707
837.6083864452455,28915.687463706483,4080166.6874147593,689.9820218086243,71.5590507760644,77.79684732854366,204.46965861320496,149.35589810460806
231.2097280512863,4498.806745972669,34886.96097560323,511.0998259782791,86.40070855617523,78.09949339926243,185.15759146213531,164.50020195543766
236.00612544846214,7512.076807296244,51045.35568586247,493.19721579551697,86.69933049380779,77.3864103704691,182.20886027812958,164.0857408642769
479.71005553527056,27050.095502385753,419842.5623544623,665.5679569244385,71.9635274335742,75.5259439945221,199.70881378650665,147.4894714280963
396.8447628428595,8718.161064560387,235211.6785652973,566.419495344162,79.27523173391819,73.54886063933372,189.621563911438,152.82409237325191
468.1020076303862,25645.516278907235,945584.367261955,613.9203193187714,88.3825356811285,88.01945769786835,194.79529178142548,176.40199337899685
663.1458740850669,6168.117769892024,637091.2574812655,619.1866209506989,67.93155853450298,71.38242781162262,197.2887703180313,139.3139863461256
802.0363229718937,22561.12760696186,371825.08499677543,666.0928137302399,77.63069117814302,84.85414457321167,203.4133083820343,162.4848357513547
907.8024076869485,10414.802641173423,341347.67674012476,671.4967818260193,79.15659156441689,89.42108258605003,206.60158812999725,168.57767415046692
700.209942244324,12117.874071320635,250650.03251645746,657.3460929393768,75.9701042175293,81.91599136590958,201.9639092683792,157.88609558343887
753.6046076285144,14101.356699964175,272553.62852356094,685.4316017627716,69.03663089871407,78.9032189399004,205.84608733654022,147.93984983861446
959.6526018831473,45770.0641322847,951198.0422302948,700.9925405979156,73.17057494819164,83.61658750474453,206.81056332588196,156.78716245293617
702.5288549358411,15279.20723790882,509815.07464539935,554.982025384903,75.5793166719377,71.35187421739101,188.2958437204361,146.93119088932872
922.4396655055634,13832.54491005638,213339.43660158996,582.4192559719086,66.44687151163816,67.12179917097092,193.41719567775726,133.56867068260908
349.1341210004235,6736.451188232937,51002.72431538646,529.8694078922272,84.94206672906876,83.0098583996296,189.07424974441528,167.95192512869835
1014.0079025055276,26735.10263979643,2130023.188604777,624.4765532016754,84.3844629265368,85.53057415783405,196.88887691497803,169.91503708437085
2474.729344695272,20142.88760510309,17197204.63570611,625.3083484172821,83.71465596184134,90.33742605149746,198.43740665912628,174.0520820133388
839.7297790767419,55712.4840792574,1954470.6959180238,750.2172222137451,63.37320803850889,78.1692209392786,213.55061447620392,141.5424289777875
593.7115033261526,28322.356877889106,1409002.86923745,689.5111303329468,72.22556275129318,80.35871320962906,205.840012550354,152.58427596092224
1142.9358226707755,39838.226093281264,15603809.327310752,690.1133780479431,60.45623595267534,67.67846421897411,204.42717468738556,128.13470017164946
1738.568414932141,35740.748100474884,2012623.4901814286,722.5704617500305,69.04449855536222,82.7455508261919,211.15797650814056,151.79004938155413
220.7237610811727,5298.075426863344,83845.52358692094,550.7083936929703,79.387436196208,76.89193865656853,189.14058995246887,156.27937485277653
487.24633874164846,15489.297311724311,607840.7070092283,613.9149134159088,75.43616738170385,76.9652936309576,195.60117542743683,152.40146101266146
1459.8736616889125,25258.191391691285,7930893.468521244,756.4913415908813,60.5880296304822,72.29817453026772,211.91758167743683,132.8862041607499
586.140704753795,8488.113479106949,100052.78578309959,541.3619256019592,83.47237920761108,77.28873498737812,187.67408978939056,160.7611141949892
2365.056825766499,31483.463824954753,29270658.187945966,665.8845729827881,74.46724746376276,76.05789297819138,199.78228521347046,150.52514044195414
603.3517574116232,31635.335685743645,961945.3327428778,622.3629207611084,81.65243005752563,85.14822967350483,197.83006358146667,166.80065973103046
533.4829120934745,45381.286019903404,826580.6521071397,696.1487731933594,68.24433146417141,76.2689103782177,204.79747986793518,144.5132418423891
576.6208185749181,12536.356244739727,523988.1156718139,545.4929807186127,78.6319202631712,74.2487912774086,188.1229988336563,152.8807115405798
2822.6609244979736,46958.62195791205,4361774.5886660805,703.8993330001831,66.88165047764778,76.92227073013783,207.26250171661377,143.8039212077856
1850.6395297146291,39065.73365789349,989232.456569015,685.0967972278595,66.99841126054525,73.04963257908821,202.38253140449524,140.04804383963346
362.96986524144967,9966.086420921187,89850.98791262235,545.0403892993927,84.10223335772753,77.74399964511395,187.8680465221405,161.84623300284147
